date,fed_funds_rate,treasury_10y,cpi
2020-01-01,1.55,,259.127
2020-01-02,1.55,1.88,259.127
2020-01-03,1.55,1.8,259.127
2020-01-04,1.55,1.8,259.127
2020-01-05,1.55,1.8,259.127
2020-01-06,1.55,1.81,259.127
2020-01-07,1.55,1.83,259.127
2020-01-08,1.55,1.87,259.127
2020-01-09,1.55,1.85,259.127
2020-01-10,1.55,1.83,259.127
2020-01-11,1.55,1.83,259.127
2020-01-12,1.55,1.83,259.127
2020-01-13,1.55,1.85,259.127
2020-01-14,1.55,1.82,259.127
2020-01-15,1.55,1.79,259.127
2020-01-16,1.55,1.81,259.127
2020-01-17,1.55,1.84,259.127
2020-01-18,1.55,1.84,259.127
2020-01-19,1.55,1.84,259.127
2020-01-20,1.55,1.84,259.127
2020-01-21,1.55,1.78,259.127
2020-01-22,1.55,1.77,259.127
2020-01-23,1.55,1.74,259.127
2020-01-24,1.55,1.7,259.127
2020-01-25,1.55,1.7,259.127
2020-01-26,1.55,1.7,259.127
2020-01-27,1.55,1.61,259.127
2020-01-28,1.55,1.65,259.127
2020-01-29,1.55,1.6,259.127
2020-01-30,1.55,1.57,259.127
2020-01-31,1.55,1.51,259.127
2020-02-01,1.58,1.51,259.25
2020-02-02,1.58,1.51,259.25
2020-02-03,1.58,1.54,259.25
2020-02-04,1.58,1.61,259.25
2020-02-05,1.58,1.66,259.25
2020-02-06,1.58,1.65,259.25
2020-02-07,1.58,1.59,259.25
2020-02-08,1.58,1.59,259.25
2020-02-09,1.58,1.59,259.25
2020-02-10,1.58,1.56,259.25
2020-02-11,1.58,1.59,259.25
2020-02-12,1.58,1.62,259.25
2020-02-13,1.58,1.61,259.25
2020-02-14,1.58,1.59,259.25
2020-02-15,1.58,1.59,259.25
2020-02-16,1.58,1.59,259.25
2020-02-17,1.58,1.59,259.25
2020-02-18,1.58,1.55,259.25
2020-02-19,1.58,1.56,259.25
2020-02-20,1.58,1.52,259.25
2020-02-21,1.58,1.46,259.25
2020-02-22,1.58,1.46,259.25
2020-02-23,1.58,1.46,259.25
2020-02-24,1.58,1.38,259.25
2020-02-25,1.58,1.33,259.25
2020-02-26,1.58,1.33,259.25
2020-02-27,1.58,1.3,259.25
2020-02-28,1.58,1.13,259.25
2020-02-29,1.58,1.13,259.25
2020-03-01,0.65,1.13,258.076
2020-03-02,0.65,1.1,258.076
2020-03-03,0.65,1.02,258.076
2020-03-04,0.65,1.02,258.076
2020-03-05,0.65,0.92,258.076
2020-03-06,0.65,0.74,258.076
2020-03-07,0.65,0.74,258.076
2020-03-08,0.65,0.74,258.076
2020-03-09,0.65,0.54,258.076
2020-03-10,0.65,0.76,258.076
2020-03-11,0.65,0.82,258.076
2020-03-12,0.65,0.88,258.076
2020-03-13,0.65,0.94,258.076
2020-03-14,0.65,0.94,258.076
2020-03-15,0.65,0.94,258.076
2020-03-16,0.65,0.73,258.076
2020-03-17,0.65,1.02,258.076
2020-03-18,0.65,1.18,258.076
2020-03-19,0.65,1.12,258.076
2020-03-20,0.65,0.92,258.076
2020-03-21,0.65,0.92,258.076
2020-03-22,0.65,0.92,258.076
2020-03-23,0.65,0.76,258.076
2020-03-24,0.65,0.84,258.076
2020-03-25,0.65,0.88,258.076
2020-03-26,0.65,0.83,258.076
2020-03-27,0.65,0.72,258.076
2020-03-28,0.65,0.72,258.076
2020-03-29,0.65,0.72,258.076
2020-03-30,0.65,0.7,258.076
2020-03-31,0.65,0.7,258.076
2020-04-01,0.05,0.62,256.032
2020-04-02,0.05,0.63,256.032
2020-04-03,0.05,0.62,256.032
2020-04-04,0.05,0.62,256.032
2020-04-05,0.05,0.62,256.032
2020-04-06,0.05,0.67,256.032
2020-04-07,0.05,0.75,256.032
2020-04-08,0.05,0.77,256.032
2020-04-09,0.05,0.73,256.032
2020-04-10,0.05,0.73,256.032
2020-04-11,0.05,0.73,256.032
2020-04-12,0.05,0.73,256.032
2020-04-13,0.05,0.76,256.032
2020-04-14,0.05,0.76,256.032
2020-04-15,0.05,0.63,256.032
2020-04-16,0.05,0.61,256.032
2020-04-17,0.05,0.65,256.032
2020-04-18,0.05,0.65,256.032
2020-04-19,0.05,0.65,256.032
2020-04-20,0.05,0.63,256.032
2020-04-21,0.05,0.58,256.032
2020-04-22,0.05,0.63,256.032
2020-04-23,0.05,0.61,256.032
2020-04-24,0.05,0.6,256.032
2020-04-25,0.05,0.6,256.032
2020-04-26,0.05,0.6,256.032
2020-04-27,0.05,0.67,256.032
2020-04-28,0.05,0.62,256.032
2020-04-29,0.05,0.63,256.032
2020-04-30,0.05,0.64,256.032
2020-05-01,0.05,0.64,255.802
2020-05-02,0.05,0.64,255.802
2020-05-03,0.05,0.64,255.802
2020-05-04,0.05,0.64,255.802
2020-05-05,0.05,0.66,255.802
2020-05-06,0.05,0.72,255.802
2020-05-07,0.05,0.63,255.802
2020-05-08,0.05,0.69,255.802
2020-05-09,0.05,0.69,255.802
2020-05-10,0.05,0.69,255.802
2020-05-11,0.05,0.73,255.802
2020-05-12,0.05,0.69,255.802
2020-05-13,0.05,0.64,255.802
2020-05-14,0.05,0.63,255.802
2020-05-15,0.05,0.64,255.802
2020-05-16,0.05,0.64,255.802
2020-05-17,0.05,0.64,255.802
2020-05-18,0.05,0.73,255.802
2020-05-19,0.05,0.7,255.802
2020-05-20,0.05,0.68,255.802
2020-05-21,0.05,0.68,255.802
2020-05-22,0.05,0.66,255.802
2020-05-23,0.05,0.66,255.802
2020-05-24,0.05,0.66,255.802
2020-05-25,0.05,0.66,255.802
2020-05-26,0.05,0.69,255.802
2020-05-27,0.05,0.68,255.802
2020-05-28,0.05,0.7,255.802
2020-05-29,0.05,0.65,255.802
2020-05-30,0.05,0.65,255.802
2020-05-31,0.05,0.65,255.802
2020-06-01,0.08,0.66,257.042
2020-06-02,0.08,0.68,257.042
2020-06-03,0.08,0.77,257.042
2020-06-04,0.08,0.82,257.042
2020-06-05,0.08,0.91,257.042
2020-06-06,0.08,0.91,257.042
2020-06-07,0.08,0.91,257.042
2020-06-08,0.08,0.88,257.042
2020-06-09,0.08,0.84,257.042
2020-06-10,0.08,0.75,257.042
2020-06-11,0.08,0.66,257.042
2020-06-12,0.08,0.71,257.042
2020-06-13,0.08,0.71,257.042
2020-06-14,0.08,0.71,257.042
2020-06-15,0.08,0.71,257.042
2020-06-16,0.08,0.75,257.042
2020-06-17,0.08,0.74,257.042
2020-06-18,0.08,0.71,257.042
2020-06-19,0.08,0.7,257.042
2020-06-20,0.08,0.7,257.042
2020-06-21,0.08,0.7,257.042
2020-06-22,0.08,0.71,257.042
2020-06-23,0.08,0.72,257.042
2020-06-24,0.08,0.69,257.042
2020-06-25,0.08,0.68,257.042
2020-06-26,0.08,0.64,257.042
2020-06-27,0.08,0.64,257.042
2020-06-28,0.08,0.64,257.042
2020-06-29,0.08,0.64,257.042
2020-06-30,0.08,0.66,257.042
2020-07-01,0.09,0.69,258.352
2020-07-02,0.09,0.68,258.352
2020-07-03,0.09,0.68,258.352
2020-07-04,0.09,0.68,258.352
2020-07-05,0.09,0.68,258.352
2020-07-06,0.09,0.69,258.352
2020-07-07,0.09,0.65,258.352
2020-07-08,0.09,0.67,258.352
2020-07-09,0.09,0.62,258.352
2020-07-10,0.09,0.65,258.352
2020-07-11,0.09,0.65,258.352
2020-07-12,0.09,0.65,258.352
2020-07-13,0.09,0.64,258.352
2020-07-14,0.09,0.63,258.352
2020-07-15,0.09,0.64,258.352
2020-07-16,0.09,0.62,258.352
2020-07-17,0.09,0.64,258.352
2020-07-18,0.09,0.64,258.352
2020-07-19,0.09,0.64,258.352
2020-07-20,0.09,0.62,258.352
2020-07-21,0.09,0.61,258.352
2020-07-22,0.09,0.6,258.352
2020-07-23,0.09,0.59,258.352
2020-07-24,0.09,0.59,258.352
2020-07-25,0.09,0.59,258.352
2020-07-26,0.09,0.59,258.352
2020-07-27,0.09,0.62,258.352
2020-07-28,0.09,0.59,258.352
2020-07-29,0.09,0.58,258.352
2020-07-30,0.09,0.55,258.352
2020-07-31,0.09,0.55,258.352
2020-08-01,0.1,0.55,259.316
2020-08-02,0.1,0.55,259.316
2020-08-03,0.1,0.56,259.316
2020-08-04,0.1,0.52,259.316
2020-08-05,0.1,0.55,259.316
2020-08-06,0.1,0.55,259.316
2020-08-07,0.1,0.57,259.316
2020-08-08,0.1,0.57,259.316
2020-08-09,0.1,0.57,259.316
2020-08-10,0.1,0.59,259.316
2020-08-11,0.1,0.64,259.316
2020-08-12,0.1,0.69,259.316
2020-08-13,0.1,0.71,259.316
2020-08-14,0.1,0.71,259.316
2020-08-15,0.1,0.71,259.316
2020-08-16,0.1,0.71,259.316
2020-08-17,0.1,0.69,259.316
2020-08-18,0.1,0.67,259.316
2020-08-19,0.1,0.68,259.316
2020-08-20,0.1,0.65,259.316
2020-08-21,0.1,0.64,259.316
2020-08-22,0.1,0.64,259.316
2020-08-23,0.1,0.64,259.316
2020-08-24,0.1,0.65,259.316
2020-08-25,0.1,0.69,259.316
2020-08-26,0.1,0.69,259.316
2020-08-27,0.1,0.74,259.316
2020-08-28,0.1,0.74,259.316
2020-08-29,0.1,0.74,259.316
2020-08-30,0.1,0.74,259.316
2020-08-31,0.1,0.72,259.316
2020-09-01,0.09,0.68,259.997
2020-09-02,0.09,0.66,259.997
2020-09-03,0.09,0.63,259.997
2020-09-04,0.09,0.72,259.997
2020-09-05,0.09,0.72,259.997
2020-09-06,0.09,0.72,259.997
2020-09-07,0.09,0.72,259.997
2020-09-08,0.09,0.69,259.997
2020-09-09,0.09,0.71,259.997
2020-09-10,0.09,0.68,259.997
2020-09-11,0.09,0.67,259.997
2020-09-12,0.09,0.67,259.997
2020-09-13,0.09,0.67,259.997
2020-09-14,0.09,0.68,259.997
2020-09-15,0.09,0.68,259.997
2020-09-16,0.09,0.69,259.997
2020-09-17,0.09,0.69,259.997
2020-09-18,0.09,0.7,259.997
2020-09-19,0.09,0.7,259.997
2020-09-20,0.09,0.7,259.997
2020-09-21,0.09,0.68,259.997
2020-09-22,0.09,0.68,259.997
2020-09-23,0.09,0.68,259.997
2020-09-24,0.09,0.67,259.997
2020-09-25,0.09,0.66,259.997
2020-09-26,0.09,0.66,259.997
2020-09-27,0.09,0.66,259.997
2020-09-28,0.09,0.67,259.997
2020-09-29,0.09,0.66,259.997
2020-09-30,0.09,0.69,259.997
2020-10-01,0.09,0.68,260.319
2020-10-02,0.09,0.7,260.319
2020-10-03,0.09,0.7,260.319
2020-10-04,0.09,0.7,260.319
2020-10-05,0.09,0.78,260.319
2020-10-06,0.09,0.76,260.319
2020-10-07,0.09,0.81,260.319
2020-10-08,0.09,0.78,260.319
2020-10-09,0.09,0.79,260.319
2020-10-10,0.09,0.79,260.319
2020-10-11,0.09,0.79,260.319
2020-10-12,0.09,0.79,260.319
2020-10-13,0.09,0.74,260.319
2020-10-14,0.09,0.73,260.319
2020-10-15,0.09,0.74,260.319
2020-10-16,0.09,0.76,260.319
2020-10-17,0.09,0.76,260.319
2020-10-18,0.09,0.76,260.319
2020-10-19,0.09,0.78,260.319
2020-10-20,0.09,0.81,260.319
2020-10-21,0.09,0.83,260.319
2020-10-22,0.09,0.87,260.319
2020-10-23,0.09,0.85,260.319
2020-10-24,0.09,0.85,260.319
2020-10-25,0.09,0.85,260.319
2020-10-26,0.09,0.81,260.319
2020-10-27,0.09,0.79,260.319
2020-10-28,0.09,0.79,260.319
2020-10-29,0.09,0.85,260.319
2020-10-30,0.09,0.88,260.319
2020-10-31,0.09,0.88,260.319
2020-11-01,0.09,0.88,260.911
2020-11-02,0.09,0.87,260.911
2020-11-03,0.09,0.9,260.911
2020-11-04,0.09,0.78,260.911
2020-11-05,0.09,0.79,260.911
2020-11-06,0.09,0.83,260.911
2020-11-07,0.09,0.83,260.911
2020-11-08,0.09,0.83,260.911
2020-11-09,0.09,0.96,260.911
2020-11-10,0.09,0.98,260.911
2020-11-11,0.09,0.98,260.911
2020-11-12,0.09,0.88,260.911
2020-11-13,0.09,0.89,260.911
2020-11-14,0.09,0.89,260.911
2020-11-15,0.09,0.89,260.911
2020-11-16,0.09,0.91,260.911
2020-11-17,0.09,0.87,260.911
2020-11-18,0.09,0.88,260.911
2020-11-19,0.09,0.86,260.911
2020-11-20,0.09,0.83,260.911
2020-11-21,0.09,0.83,260.911
2020-11-22,0.09,0.83,260.911
2020-11-23,0.09,0.86,260.911
2020-11-24,0.09,0.88,260.911
2020-11-25,0.09,0.88,260.911
2020-11-26,0.09,0.88,260.911
2020-11-27,0.09,0.84,260.911
2020-11-28,0.09,0.84,260.911
2020-11-29,0.09,0.84,260.911
2020-11-30,0.09,0.84,260.911
2020-12-01,0.09,0.92,262.045
2020-12-02,0.09,0.95,262.045
2020-12-03,0.09,0.92,262.045
2020-12-04,0.09,0.97,262.045
2020-12-05,0.09,0.97,262.045
2020-12-06,0.09,0.97,262.045
2020-12-07,0.09,0.94,262.045
2020-12-08,0.09,0.92,262.045
2020-12-09,0.09,0.95,262.045
2020-12-10,0.09,0.92,262.045
2020-12-11,0.09,0.9,262.045
2020-12-12,0.09,0.9,262.045
2020-12-13,0.09,0.9,262.045
2020-12-14,0.09,0.9,262.045
2020-12-15,0.09,0.92,262.045
2020-12-16,0.09,0.92,262.045
2020-12-17,0.09,0.94,262.045
2020-12-18,0.09,0.95,262.045
2020-12-19,0.09,0.95,262.045
2020-12-20,0.09,0.95,262.045
2020-12-21,0.09,0.95,262.045
2020-12-22,0.09,0.93,262.045
2020-12-23,0.09,0.96,262.045
2020-12-24,0.09,0.94,262.045
2020-12-25,0.09,0.94,262.045
2020-12-26,0.09,0.94,262.045
2020-12-27,0.09,0.94,262.045
2020-12-28,0.09,0.94,262.045
2020-12-29,0.09,0.94,262.045
2020-12-30,0.09,0.93,262.045
2020-12-31,0.09,0.93,262.045
2021-01-01,0.09,0.93,262.639
2021-01-02,0.09,0.93,262.639
2021-01-03,0.09,0.93,262.639
2021-01-04,0.09,0.93,262.639
2021-01-05,0.09,0.96,262.639
2021-01-06,0.09,1.04,262.639
2021-01-07,0.09,1.08,262.639
2021-01-08,0.09,1.13,262.639
2021-01-09,0.09,1.13,262.639
2021-01-10,0.09,1.13,262.639
2021-01-11,0.09,1.15,262.639
2021-01-12,0.09,1.15,262.639
2021-01-13,0.09,1.1,262.639
2021-01-14,0.09,1.15,262.639
2021-01-15,0.09,1.11,262.639
2021-01-16,0.09,1.11,262.639
2021-01-17,0.09,1.11,262.639
2021-01-18,0.09,1.11,262.639
2021-01-19,0.09,1.1,262.639
2021-01-20,0.09,1.1,262.639
2021-01-21,0.09,1.12,262.639
2021-01-22,0.09,1.1,262.639
2021-01-23,0.09,1.1,262.639
2021-01-24,0.09,1.1,262.639
2021-01-25,0.09,1.05,262.639
2021-01-26,0.09,1.05,262.639
2021-01-27,0.09,1.04,262.639
2021-01-28,0.09,1.07,262.639
2021-01-29,0.09,1.11,262.639
2021-01-30,0.09,1.11,262.639
2021-01-31,0.09,1.11,262.639
2021-02-01,0.08,1.09,263.573
2021-02-02,0.08,1.12,263.573
2021-02-03,0.08,1.15,263.573
2021-02-04,0.08,1.15,263.573
2021-02-05,0.08,1.19,263.573
2021-02-06,0.08,1.19,263.573
2021-02-07,0.08,1.19,263.573
2021-02-08,0.08,1.19,263.573
2021-02-09,0.08,1.18,263.573
2021-02-10,0.08,1.15,263.573
2021-02-11,0.08,1.16,263.573
2021-02-12,0.08,1.2,263.573
2021-02-13,0.08,1.2,263.573
2021-02-14,0.08,1.2,263.573
2021-02-15,0.08,1.2,263.573
2021-02-16,0.08,1.3,263.573
2021-02-17,0.08,1.29,263.573
2021-02-18,0.08,1.29,263.573
2021-02-19,0.08,1.34,263.573
2021-02-20,0.08,1.34,263.573
2021-02-21,0.08,1.34,263.573
2021-02-22,0.08,1.37,263.573
2021-02-23,0.08,1.37,263.573
2021-02-24,0.08,1.38,263.573
2021-02-25,0.08,1.54,263.573
2021-02-26,0.08,1.44,263.573
2021-02-27,0.08,1.44,263.573
2021-02-28,0.08,1.44,263.573
2021-03-01,0.07,1.45,264.847
2021-03-02,0.07,1.42,264.847
2021-03-03,0.07,1.47,264.847
2021-03-04,0.07,1.54,264.847
2021-03-05,0.07,1.56,264.847
2021-03-06,0.07,1.56,264.847
2021-03-07,0.07,1.56,264.847
2021-03-08,0.07,1.59,264.847
2021-03-09,0.07,1.55,264.847
2021-03-10,0.07,1.53,264.847
2021-03-11,0.07,1.54,264.847
2021-03-12,0.07,1.64,264.847
2021-03-13,0.07,1.64,264.847
2021-03-14,0.07,1.64,264.847
2021-03-15,0.07,1.62,264.847
2021-03-16,0.07,1.62,264.847
2021-03-17,0.07,1.63,264.847
2021-03-18,0.07,1.71,264.847
2021-03-19,0.07,1.74,264.847
2021-03-20,0.07,1.74,264.847
2021-03-21,0.07,1.74,264.847
2021-03-22,0.07,1.69,264.847
2021-03-23,0.07,1.63,264.847
2021-03-24,0.07,1.62,264.847
2021-03-25,0.07,1.63,264.847
2021-03-26,0.07,1.67,264.847
2021-03-27,0.07,1.67,264.847
2021-03-28,0.07,1.67,264.847
2021-03-29,0.07,1.73,264.847
2021-03-30,0.07,1.73,264.847
2021-03-31,0.07,1.74,264.847
2021-04-01,0.07,1.69,266.625
2021-04-02,0.07,1.72,266.625
2021-04-03,0.07,1.72,266.625
2021-04-04,0.07,1.72,266.625
2021-04-05,0.07,1.73,266.625
2021-04-06,0.07,1.67,266.625
2021-04-07,0.07,1.68,266.625
2021-04-08,0.07,1.64,266.625
2021-04-09,0.07,1.67,266.625
2021-04-10,0.07,1.67,266.625
2021-04-11,0.07,1.67,266.625
2021-04-12,0.07,1.69,266.625
2021-04-13,0.07,1.64,266.625
2021-04-14,0.07,1.64,266.625
2021-04-15,0.07,1.56,266.625
2021-04-16,0.07,1.59,266.625
2021-04-17,0.07,1.59,266.625
2021-04-18,0.07,1.59,266.625
2021-04-19,0.07,1.61,266.625
2021-04-20,0.07,1.58,266.625
2021-04-21,0.07,1.57,266.625
2021-04-22,0.07,1.57,266.625
2021-04-23,0.07,1.58,266.625
2021-04-24,0.07,1.58,266.625
2021-04-25,0.07,1.58,266.625
2021-04-26,0.07,1.58,266.625
2021-04-27,0.07,1.63,266.625
2021-04-28,0.07,1.63,266.625
2021-04-29,0.07,1.65,266.625
2021-04-30,0.07,1.65,266.625
2021-05-01,0.06,1.65,268.404
2021-05-02,0.06,1.65,268.404
2021-05-03,0.06,1.63,268.404
2021-05-04,0.06,1.61,268.404
2021-05-05,0.06,1.59,268.404
2021-05-06,0.06,1.58,268.404
2021-05-07,0.06,1.6,268.404
2021-05-08,0.06,1.6,268.404
2021-05-09,0.06,1.6,268.404
2021-05-10,0.06,1.63,268.404
2021-05-11,0.06,1.64,268.404
2021-05-12,0.06,1.69,268.404
2021-05-13,0.06,1.66,268.404
2021-05-14,0.06,1.63,268.404
2021-05-15,0.06,1.63,268.404
2021-05-16,0.06,1.63,268.404
2021-05-17,0.06,1.64,268.404
2021-05-18,0.06,1.64,268.404
2021-05-19,0.06,1.68,268.404
2021-05-20,0.06,1.63,268.404
2021-05-21,0.06,1.63,268.404
2021-05-22,0.06,1.63,268.404
2021-05-23,0.06,1.63,268.404
2021-05-24,0.06,1.61,268.404
2021-05-25,0.06,1.56,268.404
2021-05-26,0.06,1.58,268.404
2021-05-27,0.06,1.61,268.404
2021-05-28,0.06,1.58,268.404
2021-05-29,0.06,1.58,268.404
2021-05-30,0.06,1.58,268.404
2021-05-31,0.06,1.58,268.404
2021-06-01,0.08,1.62,270.71
2021-06-02,0.08,1.59,270.71
2021-06-03,0.08,1.63,270.71
2021-06-04,0.08,1.56,270.71
2021-06-05,0.08,1.56,270.71
2021-06-06,0.08,1.56,270.71
2021-06-07,0.08,1.57,270.71
2021-06-08,0.08,1.53,270.71
2021-06-09,0.08,1.5,270.71
2021-06-10,0.08,1.45,270.71
2021-06-11,0.08,1.47,270.71
2021-06-12,0.08,1.47,270.71
2021-06-13,0.08,1.47,270.71
2021-06-14,0.08,1.51,270.71
2021-06-15,0.08,1.51,270.71
2021-06-16,0.08,1.57,270.71
2021-06-17,0.08,1.52,270.71
2021-06-18,0.08,1.45,270.71
2021-06-19,0.08,1.45,270.71
2021-06-20,0.08,1.45,270.71
2021-06-21,0.08,1.5,270.71
2021-06-22,0.08,1.48,270.71
2021-06-23,0.08,1.5,270.71
2021-06-24,0.08,1.49,270.71
2021-06-25,0.08,1.54,270.71
2021-06-26,0.08,1.54,270.71
2021-06-27,0.08,1.54,270.71
2021-06-28,0.08,1.49,270.71
2021-06-29,0.08,1.49,270.71
2021-06-30,0.08,1.45,270.71
2021-07-01,0.1,1.48,271.965
2021-07-02,0.1,1.44,271.965
2021-07-03,0.1,1.44,271.965
2021-07-04,0.1,1.44,271.965
2021-07-05,0.1,1.44,271.965
2021-07-06,0.1,1.37,271.965
2021-07-07,0.1,1.33,271.965
2021-07-08,0.1,1.3,271.965
2021-07-09,0.1,1.37,271.965
2021-07-10,0.1,1.37,271.965
2021-07-11,0.1,1.37,271.965
2021-07-12,0.1,1.38,271.965
2021-07-13,0.1,1.42,271.965
2021-07-14,0.1,1.37,271.965
2021-07-15,0.1,1.31,271.965
2021-07-16,0.1,1.31,271.965
2021-07-17,0.1,1.31,271.965
2021-07-18,0.1,1.31,271.965
2021-07-19,0.1,1.19,271.965
2021-07-20,0.1,1.23,271.965
2021-07-21,0.1,1.3,271.965
2021-07-22,0.1,1.27,271.965
2021-07-23,0.1,1.3,271.965
2021-07-24,0.1,1.3,271.965
2021-07-25,0.1,1.3,271.965
2021-07-26,0.1,1.29,271.965
2021-07-27,0.1,1.25,271.965
2021-07-28,0.1,1.26,271.965
2021-07-29,0.1,1.28,271.965
2021-07-30,0.1,1.24,271.965
2021-07-31,0.1,1.24,271.965
2021-08-01,0.09,1.24,272.752
2021-08-02,0.09,1.2,272.752
2021-08-03,0.09,1.19,272.752
2021-08-04,0.09,1.19,272.752
2021-08-05,0.09,1.23,272.752
2021-08-06,0.09,1.31,272.752
2021-08-07,0.09,1.31,272.752
2021-08-08,0.09,1.31,272.752
2021-08-09,0.09,1.33,272.752
2021-08-10,0.09,1.36,272.752
2021-08-11,0.09,1.35,272.752
2021-08-12,0.09,1.36,272.752
2021-08-13,0.09,1.29,272.752
2021-08-14,0.09,1.29,272.752
2021-08-15,0.09,1.29,272.752
2021-08-16,0.09,1.26,272.752
2021-08-17,0.09,1.26,272.752
2021-08-18,0.09,1.27,272.752
2021-08-19,0.09,1.24,272.752
2021-08-20,0.09,1.26,272.752
2021-08-21,0.09,1.26,272.752
2021-08-22,0.09,1.26,272.752
2021-08-23,0.09,1.25,272.752
2021-08-24,0.09,1.29,272.752
2021-08-25,0.09,1.35,272.752
2021-08-26,0.09,1.34,272.752
2021-08-27,0.09,1.31,272.752
2021-08-28,0.09,1.31,272.752
2021-08-29,0.09,1.31,272.752
2021-08-30,0.09,1.29,272.752
2021-08-31,0.09,1.3,272.752
2021-09-01,0.08,1.31,273.942
2021-09-02,0.08,1.29,273.942
2021-09-03,0.08,1.33,273.942
2021-09-04,0.08,1.33,273.942
2021-09-05,0.08,1.33,273.942
2021-09-06,0.08,1.33,273.942
2021-09-07,0.08,1.38,273.942
2021-09-08,0.08,1.35,273.942
2021-09-09,0.08,1.3,273.942
2021-09-10,0.08,1.35,273.942
2021-09-11,0.08,1.35,273.942
2021-09-12,0.08,1.35,273.942
2021-09-13,0.08,1.33,273.942
2021-09-14,0.08,1.28,273.942
2021-09-15,0.08,1.31,273.942
2021-09-16,0.08,1.34,273.942
2021-09-17,0.08,1.37,273.942
2021-09-18,0.08,1.37,273.942
2021-09-19,0.08,1.37,273.942
2021-09-20,0.08,1.31,273.942
2021-09-21,0.08,1.33,273.942
2021-09-22,0.08,1.32,273.942
2021-09-23,0.08,1.41,273.942
2021-09-24,0.08,1.47,273.942
2021-09-25,0.08,1.47,273.942
2021-09-26,0.08,1.47,273.942
2021-09-27,0.08,1.48,273.942
2021-09-28,0.08,1.54,273.942
2021-09-29,0.08,1.55,273.942
2021-09-30,0.08,1.52,273.942
2021-10-01,0.08,1.48,276.528
2021-10-02,0.08,1.48,276.528
2021-10-03,0.08,1.48,276.528
2021-10-04,0.08,1.49,276.528
2021-10-05,0.08,1.54,276.528
2021-10-06,0.08,1.53,276.528
2021-10-07,0.08,1.58,276.528
2021-10-08,0.08,1.61,276.528
2021-10-09,0.08,1.61,276.528
2021-10-10,0.08,1.61,276.528
2021-10-11,0.08,1.61,276.528
2021-10-12,0.08,1.59,276.528
2021-10-13,0.08,1.56,276.528
2021-10-14,0.08,1.52,276.528
2021-10-15,0.08,1.59,276.528
2021-10-16,0.08,1.59,276.528
2021-10-17,0.08,1.59,276.528
2021-10-18,0.08,1.59,276.528
2021-10-19,0.08,1.65,276.528
2021-10-20,0.08,1.65,276.528
2021-10-21,0.08,1.68,276.528
2021-10-22,0.08,1.66,276.528
2021-10-23,0.08,1.66,276.528
2021-10-24,0.08,1.66,276.528
2021-10-25,0.08,1.64,276.528
2021-10-26,0.08,1.63,276.528
2021-10-27,0.08,1.54,276.528
2021-10-28,0.08,1.57,276.528
2021-10-29,0.08,1.55,276.528
2021-10-30,0.08,1.55,276.528
2021-10-31,0.08,1.55,276.528
2021-11-01,0.08,1.58,278.824
2021-11-02,0.08,1.56,278.824
2021-11-03,0.08,1.6,278.824
2021-11-04,0.08,1.53,278.824
2021-11-05,0.08,1.45,278.824
2021-11-06,0.08,1.45,278.824
2021-11-07,0.08,1.45,278.824
2021-11-08,0.08,1.51,278.824
2021-11-09,0.08,1.46,278.824
2021-11-10,0.08,1.56,278.824
2021-11-11,0.08,1.56,278.824
2021-11-12,0.08,1.58,278.824
2021-11-13,0.08,1.58,278.824
2021-11-14,0.08,1.58,278.824
2021-11-15,0.08,1.63,278.824
2021-11-16,0.08,1.63,278.824
2021-11-17,0.08,1.6,278.824
2021-11-18,0.08,1.59,278.824
2021-11-19,0.08,1.54,278.824
2021-11-20,0.08,1.54,278.824
2021-11-21,0.08,1.54,278.824
2021-11-22,0.08,1.63,278.824
2021-11-23,0.08,1.67,278.824
2021-11-24,0.08,1.64,278.824
2021-11-25,0.08,1.64,278.824
2021-11-26,0.08,1.48,278.824
2021-11-27,0.08,1.48,278.824
2021-11-28,0.08,1.48,278.824
2021-11-29,0.08,1.52,278.824
2021-11-30,0.08,1.43,278.824
2021-12-01,0.08,1.43,280.806
2021-12-02,0.08,1.44,280.806
2021-12-03,0.08,1.35,280.806
2021-12-04,0.08,1.35,280.806
2021-12-05,0.08,1.35,280.806
2021-12-06,0.08,1.43,280.806
2021-12-07,0.08,1.48,280.806
2021-12-08,0.08,1.52,280.806
2021-12-09,0.08,1.49,280.806
2021-12-10,0.08,1.48,280.806
2021-12-11,0.08,1.48,280.806
2021-12-12,0.08,1.48,280.806
2021-12-13,0.08,1.42,280.806
2021-12-14,0.08,1.44,280.806
2021-12-15,0.08,1.47,280.806
2021-12-16,0.08,1.44,280.806
2021-12-17,0.08,1.41,280.806
2021-12-18,0.08,1.41,280.806
2021-12-19,0.08,1.41,280.806
2021-12-20,0.08,1.43,280.806
2021-12-21,0.08,1.48,280.806
2021-12-22,0.08,1.46,280.806
2021-12-23,0.08,1.5,280.806
2021-12-24,0.08,1.5,280.806
2021-12-25,0.08,1.5,280.806
2021-12-26,0.08,1.5,280.806
2021-12-27,0.08,1.48,280.806
2021-12-28,0.08,1.49,280.806
2021-12-29,0.08,1.55,280.806
2021-12-30,0.08,1.52,280.806
2021-12-31,0.08,1.52,280.806
2022-01-01,0.08,1.52,282.542
2022-01-02,0.08,1.52,282.542
2022-01-03,0.08,1.63,282.542
2022-01-04,0.08,1.66,282.542
2022-01-05,0.08,1.71,282.542
2022-01-06,0.08,1.73,282.542
2022-01-07,0.08,1.76,282.542
2022-01-08,0.08,1.76,282.542
2022-01-09,0.08,1.76,282.542
2022-01-10,0.08,1.78,282.542
2022-01-11,0.08,1.75,282.542
2022-01-12,0.08,1.74,282.542
2022-01-13,0.08,1.7,282.542
2022-01-14,0.08,1.78,282.542
2022-01-15,0.08,1.78,282.542
2022-01-16,0.08,1.78,282.542
2022-01-17,0.08,1.78,282.542
2022-01-18,0.08,1.87,282.542
2022-01-19,0.08,1.83,282.542
2022-01-20,0.08,1.83,282.542
2022-01-21,0.08,1.75,282.542
2022-01-22,0.08,1.75,282.542
2022-01-23,0.08,1.75,282.542
2022-01-24,0.08,1.75,282.542
2022-01-25,0.08,1.78,282.542
2022-01-26,0.08,1.85,282.542
2022-01-27,0.08,1.81,282.542
2022-01-28,0.08,1.78,282.542
2022-01-29,0.08,1.78,282.542
2022-01-30,0.08,1.78,282.542
2022-01-31,0.08,1.79,282.542
2022-02-01,0.08,1.81,284.525
2022-02-02,0.08,1.78,284.525
2022-02-03,0.08,1.82,284.525
2022-02-04,0.08,1.93,284.525
2022-02-05,0.08,1.93,284.525
2022-02-06,0.08,1.93,284.525
2022-02-07,0.08,1.92,284.525
2022-02-08,0.08,1.96,284.525
2022-02-09,0.08,1.94,284.525
2022-02-10,0.08,2.03,284.525
2022-02-11,0.08,1.92,284.525
2022-02-12,0.08,1.92,284.525
2022-02-13,0.08,1.92,284.525
2022-02-14,0.08,1.98,284.525
2022-02-15,0.08,2.05,284.525
2022-02-16,0.08,2.03,284.525
2022-02-17,0.08,1.97,284.525
2022-02-18,0.08,1.92,284.525
2022-02-19,0.08,1.92,284.525
2022-02-20,0.08,1.92,284.525
2022-02-21,0.08,1.92,284.525
2022-02-22,0.08,1.94,284.525
2022-02-23,0.08,1.99,284.525
2022-02-24,0.08,1.96,284.525
2022-02-25,0.08,1.97,284.525
2022-02-26,0.08,1.97,284.525
2022-02-27,0.08,1.97,284.525
2022-02-28,0.08,1.83,284.525
2022-03-01,0.2,1.72,287.467
2022-03-02,0.2,1.86,287.467
2022-03-03,0.2,1.86,287.467
2022-03-04,0.2,1.74,287.467
2022-03-05,0.2,1.74,287.467
2022-03-06,0.2,1.74,287.467
2022-03-07,0.2,1.78,287.467
2022-03-08,0.2,1.86,287.467
2022-03-09,0.2,1.94,287.467
2022-03-10,0.2,1.98,287.467
2022-03-11,0.2,2.0,287.467
2022-03-12,0.2,2.0,287.467
2022-03-13,0.2,2.0,287.467
2022-03-14,0.2,2.14,287.467
2022-03-15,0.2,2.15,287.467
2022-03-16,0.2,2.19,287.467
2022-03-17,0.2,2.2,287.467
2022-03-18,0.2,2.14,287.467
2022-03-19,0.2,2.14,287.467
2022-03-20,0.2,2.14,287.467
2022-03-21,0.2,2.32,287.467
2022-03-22,0.2,2.38,287.467
2022-03-23,0.2,2.32,287.467
2022-03-24,0.2,2.34,287.467
2022-03-25,0.2,2.48,287.467
2022-03-26,0.2,2.48,287.467
2022-03-27,0.2,2.48,287.467
2022-03-28,0.2,2.46,287.467
2022-03-29,0.2,2.41,287.467
2022-03-30,0.2,2.35,287.467
2022-03-31,0.2,2.32,287.467
2022-04-01,0.33,2.39,288.582
2022-04-02,0.33,2.39,288.582
2022-04-03,0.33,2.39,288.582
2022-04-04,0.33,2.42,288.582
2022-04-05,0.33,2.54,288.582
2022-04-06,0.33,2.61,288.582
2022-04-07,0.33,2.66,288.582
2022-04-08,0.33,2.72,288.582
2022-04-09,0.33,2.72,288.582
2022-04-10,0.33,2.72,288.582
2022-04-11,0.33,2.79,288.582
2022-04-12,0.33,2.72,288.582
2022-04-13,0.33,2.7,288.582
2022-04-14,0.33,2.83,288.582
2022-04-15,0.33,2.83,288.582
2022-04-16,0.33,2.83,288.582
2022-04-17,0.33,2.83,288.582
2022-04-18,0.33,2.85,288.582
2022-04-19,0.33,2.93,288.582
2022-04-20,0.33,2.85,288.582
2022-04-21,0.33,2.9,288.582
2022-04-22,0.33,2.9,288.582
2022-04-23,0.33,2.9,288.582
2022-04-24,0.33,2.9,288.582
2022-04-25,0.33,2.81,288.582
2022-04-26,0.33,2.77,288.582
2022-04-27,0.33,2.82,288.582
2022-04-28,0.33,2.85,288.582
2022-04-29,0.33,2.89,288.582
2022-04-30,0.33,2.89,288.582
2022-05-01,0.77,2.89,291.299
2022-05-02,0.77,2.99,291.299
2022-05-03,0.77,2.97,291.299
2022-05-04,0.77,2.93,291.299
2022-05-05,0.77,3.05,291.299
2022-05-06,0.77,3.12,291.299
2022-05-07,0.77,3.12,291.299
2022-05-08,0.77,3.12,291.299
2022-05-09,0.77,3.05,291.299
2022-05-10,0.77,2.99,291.299
2022-05-11,0.77,2.91,291.299
2022-05-12,0.77,2.84,291.299
2022-05-13,0.77,2.93,291.299
2022-05-14,0.77,2.93,291.299
2022-05-15,0.77,2.93,291.299
2022-05-16,0.77,2.88,291.299
2022-05-17,0.77,2.98,291.299
2022-05-18,0.77,2.89,291.299
2022-05-19,0.77,2.84,291.299
2022-05-20,0.77,2.78,291.299
2022-05-21,0.77,2.78,291.299
2022-05-22,0.77,2.78,291.299
2022-05-23,0.77,2.86,291.299
2022-05-24,0.77,2.76,291.299
2022-05-25,0.77,2.75,291.299
2022-05-26,0.77,2.75,291.299
2022-05-27,0.77,2.74,291.299
2022-05-28,0.77,2.74,291.299
2022-05-29,0.77,2.74,291.299
2022-05-30,0.77,2.74,291.299
2022-05-31,0.77,2.85,291.299
2022-06-01,1.21,2.94,295.072
2022-06-02,1.21,2.92,295.072
2022-06-03,1.21,2.96,295.072
2022-06-04,1.21,2.96,295.072
2022-06-05,1.21,2.96,295.072
2022-06-06,1.21,3.04,295.072
2022-06-07,1.21,2.98,295.072
2022-06-08,1.21,3.03,295.072
2022-06-09,1.21,3.04,295.072
2022-06-10,1.21,3.15,295.072
2022-06-11,1.21,3.15,295.072
2022-06-12,1.21,3.15,295.072
2022-06-13,1.21,3.43,295.072
2022-06-14,1.21,3.49,295.072
2022-06-15,1.21,3.33,295.072
2022-06-16,1.21,3.28,295.072
2022-06-17,1.21,3.25,295.072
2022-06-18,1.21,3.25,295.072
2022-06-19,1.21,3.25,295.072
2022-06-20,1.21,3.25,295.072
2022-06-21,1.21,3.31,295.072
2022-06-22,1.21,3.16,295.072
2022-06-23,1.21,3.09,295.072
2022-06-24,1.21,3.13,295.072
2022-06-25,1.21,3.13,295.072
2022-06-26,1.21,3.13,295.072
2022-06-27,1.21,3.2,295.072
2022-06-28,1.21,3.2,295.072
2022-06-29,1.21,3.1,295.072
2022-06-30,1.21,2.98,295.072
2022-07-01,1.68,2.88,294.94
2022-07-02,1.68,2.88,294.94
2022-07-03,1.68,2.88,294.94
2022-07-04,1.68,2.88,294.94
2022-07-05,1.68,2.82,294.94
2022-07-06,1.68,2.93,294.94
2022-07-07,1.68,3.01,294.94
2022-07-08,1.68,3.09,294.94
2022-07-09,1.68,3.09,294.94
2022-07-10,1.68,3.09,294.94
2022-07-11,1.68,2.99,294.94
2022-07-12,1.68,2.96,294.94
2022-07-13,1.68,2.91,294.94
2022-07-14,1.68,2.96,294.94
2022-07-15,1.68,2.93,294.94
2022-07-16,1.68,2.93,294.94
2022-07-17,1.68,2.93,294.94
2022-07-18,1.68,2.96,294.94
2022-07-19,1.68,3.01,294.94
2022-07-20,1.68,3.04,294.94
2022-07-21,1.68,2.91,294.94
2022-07-22,1.68,2.77,294.94
2022-07-23,1.68,2.77,294.94
2022-07-24,1.68,2.77,294.94
2022-07-25,1.68,2.81,294.94
2022-07-26,1.68,2.81,294.94
2022-07-27,1.68,2.78,294.94
2022-07-28,1.68,2.68,294.94
2022-07-29,1.68,2.67,294.94
2022-07-30,1.68,2.67,294.94
2022-07-31,1.68,2.67,294.94
2022-08-01,2.33,2.6,295.162
2022-08-02,2.33,2.75,295.162
2022-08-03,2.33,2.73,295.162
2022-08-04,2.33,2.68,295.162
2022-08-05,2.33,2.83,295.162
2022-08-06,2.33,2.83,295.162
2022-08-07,2.33,2.83,295.162
2022-08-08,2.33,2.77,295.162
2022-08-09,2.33,2.8,295.162
2022-08-10,2.33,2.78,295.162
2022-08-11,2.33,2.87,295.162
2022-08-12,2.33,2.84,295.162
2022-08-13,2.33,2.84,295.162
2022-08-14,2.33,2.84,295.162
2022-08-15,2.33,2.79,295.162
2022-08-16,2.33,2.82,295.162
2022-08-17,2.33,2.89,295.162
2022-08-18,2.33,2.88,295.162
2022-08-19,2.33,2.98,295.162
2022-08-20,2.33,2.98,295.162
2022-08-21,2.33,2.98,295.162
2022-08-22,2.33,3.03,295.162
2022-08-23,2.33,3.05,295.162
2022-08-24,2.33,3.11,295.162
2022-08-25,2.33,3.03,295.162
2022-08-26,2.33,3.04,295.162
2022-08-27,2.33,3.04,295.162
2022-08-28,2.33,3.04,295.162
2022-08-29,2.33,3.12,295.162
2022-08-30,2.33,3.11,295.162
2022-08-31,2.33,3.15,295.162
2022-09-01,2.56,3.26,296.421
2022-09-02,2.56,3.2,296.421
2022-09-03,2.56,3.2,296.421
2022-09-04,2.56,3.2,296.421
2022-09-05,2.56,3.2,296.421
2022-09-06,2.56,3.33,296.421
2022-09-07,2.56,3.27,296.421
2022-09-08,2.56,3.29,296.421
2022-09-09,2.56,3.33,296.421
2022-09-10,2.56,3.33,296.421
2022-09-11,2.56,3.33,296.421
2022-09-12,2.56,3.37,296.421
2022-09-13,2.56,3.42,296.421
2022-09-14,2.56,3.41,296.421
2022-09-15,2.56,3.45,296.421
2022-09-16,2.56,3.45,296.421
2022-09-17,2.56,3.45,296.421
2022-09-18,2.56,3.45,296.421
2022-09-19,2.56,3.49,296.421
2022-09-20,2.56,3.57,296.421
2022-09-21,2.56,3.51,296.421
2022-09-22,2.56,3.7,296.421
2022-09-23,2.56,3.69,296.421
2022-09-24,2.56,3.69,296.421
2022-09-25,2.56,3.69,296.421
2022-09-26,2.56,3.88,296.421
2022-09-27,2.56,3.97,296.421
2022-09-28,2.56,3.72,296.421
2022-09-29,2.56,3.76,296.421
2022-09-30,2.56,3.83,296.421
2022-10-01,3.08,3.83,297.979
2022-10-02,3.08,3.83,297.979
2022-10-03,3.08,3.67,297.979
2022-10-04,3.08,3.62,297.979
2022-10-05,3.08,3.76,297.979
2022-10-06,3.08,3.83,297.979
2022-10-07,3.08,3.89,297.979
2022-10-08,3.08,3.89,297.979
2022-10-09,3.08,3.89,297.979
2022-10-10,3.08,3.89,297.979
2022-10-11,3.08,3.93,297.979
2022-10-12,3.08,3.91,297.979
2022-10-13,3.08,3.97,297.979
2022-10-14,3.08,4.0,297.979
2022-10-15,3.08,4.0,297.979
2022-10-16,3.08,4.0,297.979
2022-10-17,3.08,4.02,297.979
2022-10-18,3.08,4.01,297.979
2022-10-19,3.08,4.14,297.979
2022-10-20,3.08,4.24,297.979
2022-10-21,3.08,4.21,297.979
2022-10-22,3.08,4.21,297.979
2022-10-23,3.08,4.21,297.979
2022-10-24,3.08,4.25,297.979
2022-10-25,3.08,4.1,297.979
2022-10-26,3.08,4.04,297.979
2022-10-27,3.08,3.96,297.979
2022-10-28,3.08,4.02,297.979
2022-10-29,3.08,4.02,297.979
2022-10-30,3.08,4.02,297.979
2022-10-31,3.08,4.1,297.979
2022-11-01,3.78,4.07,298.708
2022-11-02,3.78,4.1,298.708
2022-11-03,3.78,4.14,298.708
2022-11-04,3.78,4.17,298.708
2022-11-05,3.78,4.17,298.708
2022-11-06,3.78,4.17,298.708
2022-11-07,3.78,4.22,298.708
2022-11-08,3.78,4.14,298.708
2022-11-09,3.78,4.12,298.708
2022-11-10,3.78,3.82,298.708
2022-11-11,3.78,3.82,298.708
2022-11-12,3.78,3.82,298.708
2022-11-13,3.78,3.82,298.708
2022-11-14,3.78,3.88,298.708
2022-11-15,3.78,3.8,298.708
2022-11-16,3.78,3.67,298.708
2022-11-17,3.78,3.77,298.708
2022-11-18,3.78,3.82,298.708
2022-11-19,3.78,3.82,298.708
2022-11-20,3.78,3.82,298.708
2022-11-21,3.78,3.83,298.708
2022-11-22,3.78,3.76,298.708
2022-11-23,3.78,3.71,298.708
2022-11-24,3.78,3.71,298.708
2022-11-25,3.78,3.68,298.708
2022-11-26,3.78,3.68,298.708
2022-11-27,3.78,3.68,298.708
2022-11-28,3.78,3.69,298.708
2022-11-29,3.78,3.75,298.708
2022-11-30,3.78,3.68,298.708
2022-12-01,4.1,3.53,298.808
2022-12-02,4.1,3.51,298.808
2022-12-03,4.1,3.51,298.808
2022-12-04,4.1,3.51,298.808
2022-12-05,4.1,3.6,298.808
2022-12-06,4.1,3.51,298.808
2022-12-07,4.1,3.42,298.808
2022-12-08,4.1,3.48,298.808
2022-12-09,4.1,3.57,298.808
2022-12-10,4.1,3.57,298.808
2022-12-11,4.1,3.57,298.808
2022-12-12,4.1,3.61,298.808
2022-12-13,4.1,3.51,298.808
2022-12-14,4.1,3.49,298.808
2022-12-15,4.1,3.44,298.808
2022-12-16,4.1,3.48,298.808
2022-12-17,4.1,3.48,298.808
2022-12-18,4.1,3.48,298.808
2022-12-19,4.1,3.57,298.808
2022-12-20,4.1,3.69,298.808
2022-12-21,4.1,3.68,298.808
2022-12-22,4.1,3.67,298.808
2022-12-23,4.1,3.75,298.808
2022-12-24,4.1,3.75,298.808
2022-12-25,4.1,3.75,298.808
2022-12-26,4.1,3.75,298.808
2022-12-27,4.1,3.84,298.808
2022-12-28,4.1,3.88,298.808
2022-12-29,4.1,3.83,298.808
2022-12-30,4.1,3.88,298.808
2022-12-31,4.1,3.88,298.808
2023-01-01,4.33,3.88,300.456
2023-01-02,4.33,3.88,300.456
2023-01-03,4.33,3.79,300.456
2023-01-04,4.33,3.69,300.456
2023-01-05,4.33,3.71,300.456
2023-01-06,4.33,3.55,300.456
2023-01-07,4.33,3.55,300.456
2023-01-08,4.33,3.55,300.456
2023-01-09,4.33,3.53,300.456
2023-01-10,4.33,3.61,300.456
2023-01-11,4.33,3.54,300.456
2023-01-12,4.33,3.43,300.456
2023-01-13,4.33,3.49,300.456
2023-01-14,4.33,3.49,300.456
2023-01-15,4.33,3.49,300.456
2023-01-16,4.33,3.49,300.456
2023-01-17,4.33,3.53,300.456
2023-01-18,4.33,3.37,300.456
2023-01-19,4.33,3.39,300.456
2023-01-20,4.33,3.48,300.456
2023-01-21,4.33,3.48,300.456
2023-01-22,4.33,3.48,300.456
2023-01-23,4.33,3.52,300.456
2023-01-24,4.33,3.46,300.456
2023-01-25,4.33,3.46,300.456
2023-01-26,4.33,3.49,300.456
2023-01-27,4.33,3.52,300.456
2023-01-28,4.33,3.52,300.456
2023-01-29,4.33,3.52,300.456
2023-01-30,4.33,3.55,300.456
2023-01-31,4.33,3.52,300.456
2023-02-01,4.57,3.39,301.476
2023-02-02,4.57,3.4,301.476
2023-02-03,4.57,3.53,301.476
2023-02-04,4.57,3.53,301.476
2023-02-05,4.57,3.53,301.476
2023-02-06,4.57,3.63,301.476
2023-02-07,4.57,3.67,301.476
2023-02-08,4.57,3.63,301.476
2023-02-09,4.57,3.67,301.476
2023-02-10,4.57,3.74,301.476
2023-02-11,4.57,3.74,301.476
2023-02-12,4.57,3.74,301.476
2023-02-13,4.57,3.72,301.476
2023-02-14,4.57,3.77,301.476
2023-02-15,4.57,3.81,301.476
2023-02-16,4.57,3.86,301.476
2023-02-17,4.57,3.82,301.476
2023-02-18,4.57,3.82,301.476
2023-02-19,4.57,3.82,301.476
2023-02-20,4.57,3.82,301.476
2023-02-21,4.57,3.95,301.476
2023-02-22,4.57,3.93,301.476
2023-02-23,4.57,3.88,301.476
2023-02-24,4.57,3.95,301.476
2023-02-25,4.57,3.95,301.476
2023-02-26,4.57,3.95,301.476
2023-02-27,4.57,3.92,301.476
2023-02-28,4.57,3.92,301.476
2023-03-01,4.65,4.01,301.643
2023-03-02,4.65,4.08,301.643
2023-03-03,4.65,3.97,301.643
2023-03-04,4.65,3.97,301.643
2023-03-05,4.65,3.97,301.643
2023-03-06,4.65,3.98,301.643
2023-03-07,4.65,3.97,301.643
2023-03-08,4.65,3.98,301.643
2023-03-09,4.65,3.93,301.643
2023-03-10,4.65,3.7,301.643
2023-03-11,4.65,3.7,301.643
2023-03-12,4.65,3.7,301.643
2023-03-13,4.65,3.55,301.643
2023-03-14,4.65,3.64,301.643
2023-03-15,4.65,3.51,301.643
2023-03-16,4.65,3.56,301.643
2023-03-17,4.65,3.39,301.643
2023-03-18,4.65,3.39,301.643
2023-03-19,4.65,3.39,301.643
2023-03-20,4.65,3.47,301.643
2023-03-21,4.65,3.59,301.643
2023-03-22,4.65,3.48,301.643
2023-03-23,4.65,3.38,301.643
2023-03-24,4.65,3.38,301.643
2023-03-25,4.65,3.38,301.643
2023-03-26,4.65,3.38,301.643
2023-03-27,4.65,3.53,301.643
2023-03-28,4.65,3.55,301.643
2023-03-29,4.65,3.57,301.643
2023-03-30,4.65,3.55,301.643
2023-03-31,4.65,3.48,301.643
2023-04-01,4.83,3.48,302.858
2023-04-02,4.83,3.48,302.858
2023-04-03,4.83,3.43,302.858
2023-04-04,4.83,3.35,302.858
2023-04-05,4.83,3.3,302.858
2023-04-06,4.83,3.3,302.858
2023-04-07,4.83,3.39,302.858
2023-04-08,4.83,3.39,302.858
2023-04-09,4.83,3.39,302.858
2023-04-10,4.83,3.41,302.858
2023-04-11,4.83,3.43,302.858
2023-04-12,4.83,3.41,302.858
2023-04-13,4.83,3.45,302.858
2023-04-14,4.83,3.52,302.858
2023-04-15,4.83,3.52,302.858
2023-04-16,4.83,3.52,302.858
2023-04-17,4.83,3.6,302.858
2023-04-18,4.83,3.58,302.858
2023-04-19,4.83,3.6,302.858
2023-04-20,4.83,3.54,302.858
2023-04-21,4.83,3.57,302.858
2023-04-22,4.83,3.57,302.858
2023-04-23,4.83,3.57,302.858
2023-04-24,4.83,3.52,302.858
2023-04-25,4.83,3.4,302.858
2023-04-26,4.83,3.43,302.858
2023-04-27,4.83,3.53,302.858
2023-04-28,4.83,3.44,302.858
2023-04-29,4.83,3.44,302.858
2023-04-30,4.83,3.44,302.858
2023-05-01,5.06,3.59,303.316
2023-05-02,5.06,3.44,303.316
2023-05-03,5.06,3.38,303.316
2023-05-04,5.06,3.37,303.316
2023-05-05,5.06,3.44,303.316
2023-05-06,5.06,3.44,303.316
2023-05-07,5.06,3.44,303.316
2023-05-08,5.06,3.52,303.316
2023-05-09,5.06,3.53,303.316
2023-05-10,5.06,3.43,303.316
2023-05-11,5.06,3.39,303.316
2023-05-12,5.06,3.46,303.316
2023-05-13,5.06,3.46,303.316
2023-05-14,5.06,3.46,303.316
2023-05-15,5.06,3.5,303.316
2023-05-16,5.06,3.54,303.316
2023-05-17,5.06,3.57,303.316
2023-05-18,5.06,3.65,303.316
2023-05-19,5.06,3.7,303.316
2023-05-20,5.06,3.7,303.316
2023-05-21,5.06,3.7,303.316
2023-05-22,5.06,3.72,303.316
2023-05-23,5.06,3.7,303.316
2023-05-24,5.06,3.73,303.316
2023-05-25,5.06,3.83,303.316
2023-05-26,5.06,3.8,303.316
2023-05-27,5.06,3.8,303.316
2023-05-28,5.06,3.8,303.316
2023-05-29,5.06,3.8,303.316
2023-05-30,5.06,3.69,303.316
2023-05-31,5.06,3.64,303.316
2023-06-01,5.08,3.61,304.099
2023-06-02,5.08,3.69,304.099
2023-06-03,5.08,3.69,304.099
2023-06-04,5.08,3.69,304.099
2023-06-05,5.08,3.69,304.099
2023-06-06,5.08,3.7,304.099
2023-06-07,5.08,3.79,304.099
2023-06-08,5.08,3.73,304.099
2023-06-09,5.08,3.75,304.099
2023-06-10,5.08,3.75,304.099
2023-06-11,5.08,3.75,304.099
2023-06-12,5.08,3.73,304.099
2023-06-13,5.08,3.84,304.099
2023-06-14,5.08,3.83,304.099
2023-06-15,5.08,3.72,304.099
2023-06-16,5.08,3.77,304.099
2023-06-17,5.08,3.77,304.099
2023-06-18,5.08,3.77,304.099
2023-06-19,5.08,3.77,304.099
2023-06-20,5.08,3.74,304.099
2023-06-21,5.08,3.72,304.099
2023-06-22,5.08,3.8,304.099
2023-06-23,5.08,3.74,304.099
2023-06-24,5.08,3.74,304.099
2023-06-25,5.08,3.74,304.099
2023-06-26,5.08,3.72,304.099
2023-06-27,5.08,3.77,304.099
2023-06-28,5.08,3.71,304.099
2023-06-29,5.08,3.85,304.099
2023-06-30,5.08,3.81,304.099
2023-07-01,5.12,3.81,304.615
2023-07-02,5.12,3.81,304.615
2023-07-03,5.12,3.86,304.615
2023-07-04,5.12,3.86,304.615
2023-07-05,5.12,3.95,304.615
2023-07-06,5.12,4.05,304.615
2023-07-07,5.12,4.06,304.615
2023-07-08,5.12,4.06,304.615
2023-07-09,5.12,4.06,304.615
2023-07-10,5.12,4.01,304.615
2023-07-11,5.12,3.99,304.615
2023-07-12,5.12,3.86,304.615
2023-07-13,5.12,3.76,304.615
2023-07-14,5.12,3.83,304.615
2023-07-15,5.12,3.83,304.615
2023-07-16,5.12,3.83,304.615
2023-07-17,5.12,3.81,304.615
2023-07-18,5.12,3.8,304.615
2023-07-19,5.12,3.75,304.615
2023-07-20,5.12,3.85,304.615
2023-07-21,5.12,3.84,304.615
2023-07-22,5.12,3.84,304.615
2023-07-23,5.12,3.84,304.615
2023-07-24,5.12,3.86,304.615
2023-07-25,5.12,3.91,304.615
2023-07-26,5.12,3.86,304.615
2023-07-27,5.12,4.01,304.615
2023-07-28,5.12,3.96,304.615
2023-07-29,5.12,3.96,304.615
2023-07-30,5.12,3.96,304.615
2023-07-31,5.12,3.97,304.615
2023-08-01,5.33,4.05,306.138
2023-08-02,5.33,4.08,306.138
2023-08-03,5.33,4.2,306.138
2023-08-04,5.33,4.05,306.138
2023-08-05,5.33,4.05,306.138
2023-08-06,5.33,4.05,306.138
2023-08-07,5.33,4.09,306.138
2023-08-08,5.33,4.02,306.138
2023-08-09,5.33,4.0,306.138
2023-08-10,5.33,4.09,306.138
2023-08-11,5.33,4.16,306.138
2023-08-12,5.33,4.16,306.138
2023-08-13,5.33,4.16,306.138
2023-08-14,5.33,4.19,306.138
2023-08-15,5.33,4.21,306.138
2023-08-16,5.33,4.28,306.138
2023-08-17,5.33,4.3,306.138
2023-08-18,5.33,4.26,306.138
2023-08-19,5.33,4.26,306.138
2023-08-20,5.33,4.26,306.138
2023-08-21,5.33,4.34,306.138
2023-08-22,5.33,4.34,306.138
2023-08-23,5.33,4.19,306.138
2023-08-24,5.33,4.23,306.138
2023-08-25,5.33,4.25,306.138
2023-08-26,5.33,4.25,306.138
2023-08-27,5.33,4.25,306.138
2023-08-28,5.33,4.2,306.138
2023-08-29,5.33,4.12,306.138
2023-08-30,5.33,4.12,306.138
2023-08-31,5.33,4.09,306.138
2023-09-01,5.33,4.18,307.374
2023-09-02,5.33,4.18,307.374
2023-09-03,5.33,4.18,307.374
2023-09-04,5.33,4.18,307.374
2023-09-05,5.33,4.27,307.374
2023-09-06,5.33,4.3,307.374
2023-09-07,5.33,4.27,307.374
2023-09-08,5.33,4.26,307.374
2023-09-09,5.33,4.26,307.374
2023-09-10,5.33,4.26,307.374
2023-09-11,5.33,4.29,307.374
2023-09-12,5.33,4.27,307.374
2023-09-13,5.33,4.25,307.374
2023-09-14,5.33,4.29,307.374
2023-09-15,5.33,4.33,307.374
2023-09-16,5.33,4.33,307.374
2023-09-17,5.33,4.33,307.374
2023-09-18,5.33,4.32,307.374
2023-09-19,5.33,4.37,307.374
2023-09-20,5.33,4.35,307.374
2023-09-21,5.33,4.49,307.374
2023-09-22,5.33,4.44,307.374
2023-09-23,5.33,4.44,307.374
2023-09-24,5.33,4.44,307.374
2023-09-25,5.33,4.55,307.374
2023-09-26,5.33,4.56,307.374
2023-09-27,5.33,4.61,307.374
2023-09-28,5.33,4.59,307.374
2023-09-29,5.33,4.59,307.374
2023-09-30,5.33,4.59,307.374
2023-10-01,5.33,4.59,307.653
2023-10-02,5.33,4.69,307.653
2023-10-03,5.33,4.81,307.653
2023-10-04,5.33,4.73,307.653
2023-10-05,5.33,4.72,307.653
2023-10-06,5.33,4.78,307.653
2023-10-07,5.33,4.78,307.653
2023-10-08,5.33,4.78,307.653
2023-10-09,5.33,4.78,307.653
2023-10-10,5.33,4.66,307.653
2023-10-11,5.33,4.58,307.653
2023-10-12,5.33,4.7,307.653
2023-10-13,5.33,4.63,307.653
2023-10-14,5.33,4.63,307.653
2023-10-15,5.33,4.63,307.653
2023-10-16,5.33,4.71,307.653
2023-10-17,5.33,4.83,307.653
2023-10-18,5.33,4.91,307.653
2023-10-19,5.33,4.98,307.653
2023-10-20,5.33,4.93,307.653
2023-10-21,5.33,4.93,307.653
2023-10-22,5.33,4.93,307.653
2023-10-23,5.33,4.86,307.653
2023-10-24,5.33,4.83,307.653
2023-10-25,5.33,4.95,307.653
2023-10-26,5.33,4.86,307.653
2023-10-27,5.33,4.84,307.653
2023-10-28,5.33,4.84,307.653
2023-10-29,5.33,4.84,307.653
2023-10-30,5.33,4.88,307.653
2023-10-31,5.33,4.88,307.653
2023-11-01,5.33,4.77,308.087
2023-11-02,5.33,4.67,308.087
2023-11-03,5.33,4.57,308.087
2023-11-04,5.33,4.57,308.087
2023-11-05,5.33,4.57,308.087
2023-11-06,5.33,4.67,308.087
2023-11-07,5.33,4.58,308.087
2023-11-08,5.33,4.49,308.087
2023-11-09,5.33,4.62,308.087
2023-11-10,5.33,4.61,308.087
2023-11-11,5.33,4.61,308.087
2023-11-12,5.33,4.61,308.087
2023-11-13,5.33,4.63,308.087
2023-11-14,5.33,4.44,308.087
2023-11-15,5.33,4.53,308.087
2023-11-16,5.33,4.45,308.087
2023-11-17,5.33,4.44,308.087
2023-11-18,5.33,4.44,308.087
2023-11-19,5.33,4.44,308.087
2023-11-20,5.33,4.42,308.087
2023-11-21,5.33,4.41,308.087
2023-11-22,5.33,4.42,308.087
2023-11-23,5.33,4.42,308.087
2023-11-24,5.33,4.47,308.087
2023-11-25,5.33,4.47,308.087
2023-11-26,5.33,4.47,308.087
2023-11-27,5.33,4.39,308.087
2023-11-28,5.33,4.34,308.087
2023-11-29,5.33,4.27,308.087
2023-11-30,5.33,4.37,308.087
2023-12-01,5.33,4.22,308.735
2023-12-02,5.33,4.22,308.735
2023-12-03,5.33,4.22,308.735
2023-12-04,5.33,4.28,308.735
2023-12-05,5.33,4.18,308.735
2023-12-06,5.33,4.12,308.735
2023-12-07,5.33,4.14,308.735
2023-12-08,5.33,4.23,308.735
2023-12-09,5.33,4.23,308.735
2023-12-10,5.33,4.23,308.735
2023-12-11,5.33,4.23,308.735
2023-12-12,5.33,4.2,308.735
2023-12-13,5.33,4.04,308.735
2023-12-14,5.33,3.92,308.735
2023-12-15,5.33,3.91,308.735
2023-12-16,5.33,3.91,308.735
2023-12-17,5.33,3.91,308.735
2023-12-18,5.33,3.95,308.735
2023-12-19,5.33,3.93,308.735
2023-12-20,5.33,3.86,308.735
2023-12-21,5.33,3.89,308.735
2023-12-22,5.33,3.9,308.735
2023-12-23,5.33,3.9,308.735
2023-12-24,5.33,3.9,308.735
2023-12-25,5.33,3.9,308.735
2023-12-26,5.33,3.89,308.735
2023-12-27,5.33,3.79,308.735
2023-12-28,5.33,3.84,308.735
2023-12-29,5.33,3.88,308.735
2023-12-30,5.33,3.88,308.735
2023-12-31,5.33,3.88,308.735
2024-01-01,5.33,3.88,309.794
2024-01-02,5.33,3.95,309.794
2024-01-03,5.33,3.91,309.794
2024-01-04,5.33,3.99,309.794
2024-01-05,5.33,4.05,309.794
2024-01-06,5.33,4.05,309.794
2024-01-07,5.33,4.05,309.794
2024-01-08,5.33,4.01,309.794
2024-01-09,5.33,4.02,309.794
2024-01-10,5.33,4.04,309.794
2024-01-11,5.33,3.98,309.794
2024-01-12,5.33,3.96,309.794
2024-01-13,5.33,3.96,309.794
2024-01-14,5.33,3.96,309.794
2024-01-15,5.33,3.96,309.794
2024-01-16,5.33,4.07,309.794
2024-01-17,5.33,4.1,309.794
2024-01-18,5.33,4.14,309.794
2024-01-19,5.33,4.15,309.794
2024-01-20,5.33,4.15,309.794
2024-01-21,5.33,4.15,309.794
2024-01-22,5.33,4.11,309.794
2024-01-23,5.33,4.14,309.794
2024-01-24,5.33,4.18,309.794
2024-01-25,5.33,4.14,309.794
2024-01-26,5.33,4.15,309.794
2024-01-27,5.33,4.15,309.794
2024-01-28,5.33,4.15,309.794
2024-01-29,5.33,4.08,309.794
2024-01-30,5.33,4.06,309.794
2024-01-31,5.33,3.99,309.794
2024-02-01,5.33,3.87,311.022
2024-02-02,5.33,4.03,311.022
2024-02-03,5.33,4.03,311.022
2024-02-04,5.33,4.03,311.022
2024-02-05,5.33,4.17,311.022
2024-02-06,5.33,4.09,311.022
2024-02-07,5.33,4.09,311.022
2024-02-08,5.33,4.15,311.022
2024-02-09,5.33,4.17,311.022
2024-02-10,5.33,4.17,311.022
2024-02-11,5.33,4.17,311.022
2024-02-12,5.33,4.17,311.022
2024-02-13,5.33,4.31,311.022
2024-02-14,5.33,4.27,311.022
2024-02-15,5.33,4.24,311.022
2024-02-16,5.33,4.3,311.022
2024-02-17,5.33,4.3,311.022
2024-02-18,5.33,4.3,311.022
2024-02-19,5.33,4.3,311.022
2024-02-20,5.33,4.27,311.022
2024-02-21,5.33,4.32,311.022
2024-02-22,5.33,4.33,311.022
2024-02-23,5.33,4.26,311.022
2024-02-24,5.33,4.26,311.022
2024-02-25,5.33,4.26,311.022
2024-02-26,5.33,4.28,311.022
2024-02-27,5.33,4.31,311.022
2024-02-28,5.33,4.27,311.022
2024-02-29,5.33,4.25,311.022
2024-03-01,5.33,4.19,312.107
2024-03-02,5.33,4.19,312.107
2024-03-03,5.33,4.19,312.107
2024-03-04,5.33,4.22,312.107
2024-03-05,5.33,4.13,312.107
2024-03-06,5.33,4.11,312.107
2024-03-07,5.33,4.09,312.107
2024-03-08,5.33,4.09,312.107
2024-03-09,5.33,4.09,312.107
2024-03-10,5.33,4.09,312.107
2024-03-11,5.33,4.1,312.107
2024-03-12,5.33,4.16,312.107
2024-03-13,5.33,4.19,312.107
2024-03-14,5.33,4.29,312.107
2024-03-15,5.33,4.31,312.107
2024-03-16,5.33,4.31,312.107
2024-03-17,5.33,4.31,312.107
2024-03-18,5.33,4.34,312.107
2024-03-19,5.33,4.3,312.107
2024-03-20,5.33,4.27,312.107
2024-03-21,5.33,4.27,312.107
2024-03-22,5.33,4.22,312.107
2024-03-23,5.33,4.22,312.107
2024-03-24,5.33,4.22,312.107
2024-03-25,5.33,4.25,312.107
2024-03-26,5.33,4.24,312.107
2024-03-27,5.33,4.2,312.107
2024-03-28,5.33,4.2,312.107
2024-03-29,5.33,4.2,312.107
2024-03-30,5.33,4.2,312.107
2024-03-31,5.33,4.2,312.107
2024-04-01,5.33,4.33,313.016
2024-04-02,5.33,4.36,313.016
2024-04-03,5.33,4.36,313.016
2024-04-04,5.33,4.31,313.016
2024-04-05,5.33,4.39,313.016
2024-04-06,5.33,4.39,313.016
2024-04-07,5.33,4.39,313.016
2024-04-08,5.33,4.42,313.016
2024-04-09,5.33,4.36,313.016
2024-04-10,5.33,4.55,313.016
2024-04-11,5.33,4.56,313.016
2024-04-12,5.33,4.5,313.016
2024-04-13,5.33,4.5,313.016
2024-04-14,5.33,4.5,313.016
2024-04-15,5.33,4.63,313.016
2024-04-16,5.33,4.67,313.016
2024-04-17,5.33,4.59,313.016
2024-04-18,5.33,4.64,313.016
2024-04-19,5.33,4.62,313.016
2024-04-20,5.33,4.62,313.016
2024-04-21,5.33,4.62,313.016
2024-04-22,5.33,4.62,313.016
2024-04-23,5.33,4.61,313.016
2024-04-24,5.33,4.65,313.016
2024-04-25,5.33,4.7,313.016
2024-04-26,5.33,4.67,313.016
2024-04-27,5.33,4.67,313.016
2024-04-28,5.33,4.67,313.016
2024-04-29,5.33,4.63,313.016
2024-04-30,5.33,4.69,313.016
2024-05-01,5.33,4.63,313.14
2024-05-02,5.33,4.58,313.14
2024-05-03,5.33,4.5,313.14
2024-05-04,5.33,4.5,313.14
2024-05-05,5.33,4.5,313.14
2024-05-06,5.33,4.49,313.14
2024-05-07,5.33,4.47,313.14
2024-05-08,5.33,4.48,313.14
2024-05-09,5.33,4.45,313.14
2024-05-10,5.33,4.5,313.14
2024-05-11,5.33,4.5,313.14
2024-05-12,5.33,4.5,313.14
2024-05-13,5.33,4.48,313.14
2024-05-14,5.33,4.45,313.14
2024-05-15,5.33,4.36,313.14
2024-05-16,5.33,4.38,313.14
2024-05-17,5.33,4.42,313.14
2024-05-18,5.33,4.42,313.14
2024-05-19,5.33,4.42,313.14
2024-05-20,5.33,4.44,313.14
2024-05-21,5.33,4.41,313.14
2024-05-22,5.33,4.43,313.14
2024-05-23,5.33,4.47,313.14
2024-05-24,5.33,4.46,313.14
2024-05-25,5.33,4.46,313.14
2024-05-26,5.33,4.46,313.14
2024-05-27,5.33,4.46,313.14
2024-05-28,5.33,4.54,313.14
2024-05-29,5.33,4.61,313.14
2024-05-30,5.33,4.55,313.14
2024-05-31,5.33,4.51,313.14
2024-06-01,5.33,4.51,313.131
2024-06-02,5.33,4.51,313.131
2024-06-03,5.33,4.41,313.131
2024-06-04,5.33,4.33,313.131
2024-06-05,5.33,4.29,313.131
2024-06-06,5.33,4.28,313.131
2024-06-07,5.33,4.43,313.131
2024-06-08,5.33,4.43,313.131
2024-06-09,5.33,4.43,313.131
2024-06-10,5.33,4.47,313.131
2024-06-11,5.33,4.39,313.131
2024-06-12,5.33,4.31,313.131
2024-06-13,5.33,4.24,313.131
2024-06-14,5.33,4.2,313.131
2024-06-15,5.33,4.2,313.131
2024-06-16,5.33,4.2,313.131
2024-06-17,5.33,4.28,313.131
2024-06-18,5.33,4.22,313.131
2024-06-19,5.33,4.22,313.131
2024-06-20,5.33,4.25,313.131
2024-06-21,5.33,4.25,313.131
2024-06-22,5.33,4.25,313.131
2024-06-23,5.33,4.25,313.131
2024-06-24,5.33,4.25,313.131
2024-06-25,5.33,4.23,313.131
2024-06-26,5.33,4.32,313.131
2024-06-27,5.33,4.29,313.131
2024-06-28,5.33,4.36,313.131
2024-06-29,5.33,4.36,313.131
2024-06-30,5.33,4.36,313.131
2024-07-01,5.33,4.48,313.566
2024-07-02,5.33,4.43,313.566
2024-07-03,5.33,4.36,313.566
2024-07-04,5.33,4.36,313.566
2024-07-05,5.33,4.28,313.566
2024-07-06,5.33,4.28,313.566
2024-07-07,5.33,4.28,313.566
2024-07-08,5.33,4.28,313.566
2024-07-09,5.33,4.3,313.566
2024-07-10,5.33,4.28,313.566
2024-07-11,5.33,4.2,313.566
2024-07-12,5.33,4.18,313.566
2024-07-13,5.33,4.18,313.566
2024-07-14,5.33,4.18,313.566
2024-07-15,5.33,4.23,313.566
2024-07-16,5.33,4.17,313.566
2024-07-17,5.33,4.16,313.566
2024-07-18,5.33,4.2,313.566
2024-07-19,5.33,4.25,313.566
2024-07-20,5.33,4.25,313.566
2024-07-21,5.33,4.25,313.566
2024-07-22,5.33,4.26,313.566
2024-07-23,5.33,4.25,313.566
2024-07-24,5.33,4.28,313.566
2024-07-25,5.33,4.27,313.566
2024-07-26,5.33,4.2,313.566
2024-07-27,5.33,4.2,313.566
2024-07-28,5.33,4.2,313.566
2024-07-29,5.33,4.17,313.566
2024-07-30,5.33,4.15,313.566
2024-07-31,5.33,4.09,313.566
2024-08-01,5.33,3.99,314.131
2024-08-02,5.33,3.8,314.131
2024-08-03,5.33,3.8,314.131
2024-08-04,5.33,3.8,314.131
2024-08-05,5.33,3.78,314.131
2024-08-06,5.33,3.9,314.131
2024-08-07,5.33,3.96,314.131
2024-08-08,5.33,3.99,314.131
2024-08-09,5.33,3.94,314.131
2024-08-10,5.33,3.94,314.131
2024-08-11,5.33,3.94,314.131
2024-08-12,5.33,3.9,314.131
2024-08-13,5.33,3.85,314.131
2024-08-14,5.33,3.83,314.131
2024-08-15,5.33,3.92,314.131
2024-08-16,5.33,3.89,314.131
2024-08-17,5.33,3.89,314.131
2024-08-18,5.33,3.89,314.131
2024-08-19,5.33,3.86,314.131
2024-08-20,5.33,3.82,314.131
2024-08-21,5.33,3.79,314.131
2024-08-22,5.33,3.86,314.131
2024-08-23,5.33,3.81,314.131
2024-08-24,5.33,3.81,314.131
2024-08-25,5.33,3.81,314.131
2024-08-26,5.33,3.82,314.131
2024-08-27,5.33,3.83,314.131
2024-08-28,5.33,3.84,314.131
2024-08-29,5.33,3.87,314.131
2024-08-30,5.33,3.91,314.131
2024-08-31,5.33,3.91,314.131
2024-09-01,5.13,3.91,314.851
2024-09-02,5.13,3.91,314.851
2024-09-03,5.13,3.84,314.851
2024-09-04,5.13,3.77,314.851
2024-09-05,5.13,3.73,314.851
2024-09-06,5.13,3.72,314.851
2024-09-07,5.13,3.72,314.851
2024-09-08,5.13,3.72,314.851
2024-09-09,5.13,3.7,314.851
2024-09-10,5.13,3.65,314.851
2024-09-11,5.13,3.65,314.851
2024-09-12,5.13,3.68,314.851
2024-09-13,5.13,3.66,314.851
2024-09-14,5.13,3.66,314.851
2024-09-15,5.13,3.66,314.851
2024-09-16,5.13,3.63,314.851
2024-09-17,5.13,3.65,314.851
2024-09-18,5.13,3.7,314.851
2024-09-19,5.13,3.73,314.851
2024-09-20,5.13,3.73,314.851
2024-09-21,5.13,3.73,314.851
2024-09-22,5.13,3.73,314.851
2024-09-23,5.13,3.75,314.851
2024-09-24,5.13,3.74,314.851
2024-09-25,5.13,3.79,314.851
2024-09-26,5.13,3.79,314.851
2024-09-27,5.13,3.75,314.851
2024-09-28,5.13,3.75,314.851
2024-09-29,5.13,3.75,314.851
2024-09-30,5.13,3.81,314.851
2024-10-01,4.83,3.74,315.564
2024-10-02,4.83,3.79,315.564
2024-10-03,4.83,3.85,315.564
2024-10-04,4.83,3.98,315.564
2024-10-05,4.83,3.98,315.564
2024-10-06,4.83,3.98,315.564
2024-10-07,4.83,4.03,315.564
2024-10-08,4.83,4.04,315.564
2024-10-09,4.83,4.06,315.564
2024-10-10,4.83,4.09,315.564
2024-10-11,4.83,4.08,315.564
2024-10-12,4.83,4.08,315.564
2024-10-13,4.83,4.08,315.564
2024-10-14,4.83,4.08,315.564
2024-10-15,4.83,4.03,315.564
2024-10-16,4.83,4.02,315.564
2024-10-17,4.83,4.09,315.564
2024-10-18,4.83,4.08,315.564
2024-10-19,4.83,4.08,315.564
2024-10-20,4.83,4.08,315.564
2024-10-21,4.83,4.19,315.564
2024-10-22,4.83,4.2,315.564
2024-10-23,4.83,4.24,315.564
2024-10-24,4.83,4.21,315.564
2024-10-25,4.83,4.25,315.564
2024-10-26,4.83,4.25,315.564
2024-10-27,4.83,4.25,315.564
2024-10-28,4.83,4.28,315.564
2024-10-29,4.83,4.28,315.564
2024-10-30,4.83,4.29,315.564
2024-10-31,4.83,4.28,315.564
2024-11-01,4.64,4.37,316.449
2024-11-02,4.64,4.37,316.449
2024-11-03,4.64,4.37,316.449
2024-11-04,4.64,4.31,316.449
2024-11-05,4.64,4.26,316.449
2024-11-06,4.64,4.42,316.449
2024-11-07,4.64,4.31,316.449
2024-11-08,4.64,4.3,316.449
2024-11-09,4.64,4.3,316.449
2024-11-10,4.64,4.3,316.449
2024-11-11,4.64,4.3,316.449
2024-11-12,4.64,4.43,316.449
2024-11-13,4.64,4.44,316.449
2024-11-14,4.64,4.43,316.449
2024-11-15,4.64,4.43,316.449
2024-11-16,4.64,4.43,316.449
2024-11-17,4.64,4.43,316.449
2024-11-18,4.64,4.42,316.449
2024-11-19,4.64,4.39,316.449
2024-11-20,4.64,4.41,316.449
2024-11-21,4.64,4.43,316.449
2024-11-22,4.64,4.41,316.449
2024-11-23,4.64,4.41,316.449
2024-11-24,4.64,4.41,316.449
2024-11-25,4.64,4.27,316.449
2024-11-26,4.64,4.3,316.449
2024-11-27,4.64,4.25,316.449
2024-11-28,4.64,4.25,316.449
2024-11-29,4.64,4.18,316.449
2024-11-30,4.64,4.18,316.449
2024-12-01,4.48,4.18,317.603
2024-12-02,4.48,4.19,317.603
2024-12-03,4.48,4.23,317.603
2024-12-04,4.48,4.19,317.603
2024-12-05,4.48,4.17,317.603
2024-12-06,4.48,4.15,317.603
2024-12-07,4.48,4.15,317.603
2024-12-08,4.48,4.15,317.603
2024-12-09,4.48,4.2,317.603
2024-12-10,4.48,4.22,317.603
2024-12-11,4.48,4.26,317.603
2024-12-12,4.48,4.32,317.603
2024-12-13,4.48,4.4,317.603
2024-12-14,4.48,4.4,317.603
2024-12-15,4.48,4.4,317.603
2024-12-16,4.48,4.39,317.603
2024-12-17,4.48,4.4,317.603
2024-12-18,4.48,4.5,317.603
2024-12-19,4.48,4.57,317.603
2024-12-20,4.48,4.52,317.603
2024-12-21,4.48,4.52,317.603
2024-12-22,4.48,4.52,317.603
2024-12-23,4.48,4.59,317.603
2024-12-24,4.48,4.59,317.603
2024-12-25,4.48,4.59,317.603
2024-12-26,4.48,4.58,317.603
2024-12-27,4.48,4.62,317.603
2024-12-28,4.48,4.62,317.603
2024-12-29,4.48,4.62,317.603
2024-12-30,4.48,4.55,317.603
2024-12-31,4.48,4.58,317.603
2025-01-01,4.33,4.58,319.086
2025-01-02,4.33,4.57,319.086
2025-01-03,4.33,4.6,319.086
2025-01-04,4.33,4.6,319.086
2025-01-05,4.33,4.6,319.086
2025-01-06,4.33,4.62,319.086
2025-01-07,4.33,4.67,319.086
2025-01-08,4.33,4.67,319.086
2025-01-09,4.33,4.68,319.086
2025-01-10,4.33,4.77,319.086
2025-01-11,4.33,4.77,319.086
2025-01-12,4.33,4.77,319.086
2025-01-13,4.33,4.79,319.086
2025-01-14,4.33,4.78,319.086
2025-01-15,4.33,4.66,319.086
2025-01-16,4.33,4.61,319.086
2025-01-17,4.33,4.61,319.086
2025-01-18,4.33,4.61,319.086
2025-01-19,4.33,4.61,319.086
2025-01-20,4.33,4.61,319.086
2025-01-21,4.33,4.57,319.086
2025-01-22,4.33,4.6,319.086
2025-01-23,4.33,4.65,319.086
2025-01-24,4.33,4.63,319.086
2025-01-25,4.33,4.63,319.086
2025-01-26,4.33,4.63,319.086
2025-01-27,4.33,4.53,319.086
2025-01-28,4.33,4.55,319.086
2025-01-29,4.33,4.55,319.086
2025-01-30,4.33,4.52,319.086
2025-01-31,4.33,4.58,319.086
2025-02-01,4.33,4.58,319.775
2025-02-02,4.33,4.58,319.775
2025-02-03,4.33,4.54,319.775
2025-02-04,4.33,4.52,319.775
2025-02-05,4.33,4.43,319.775
2025-02-06,4.33,4.45,319.775
2025-02-07,4.33,4.49,319.775
2025-02-08,4.33,4.49,319.775
2025-02-09,4.33,4.49,319.775
2025-02-10,4.33,4.51,319.775
2025-02-11,4.33,4.54,319.775
2025-02-12,4.33,4.62,319.775
2025-02-13,4.33,4.52,319.775
2025-02-14,4.33,4.47,319.775
2025-02-15,4.33,4.47,319.775
2025-02-16,4.33,4.47,319.775
2025-02-17,4.33,4.47,319.775
2025-02-18,4.33,4.55,319.775
2025-02-19,4.33,4.53,319.775
2025-02-20,4.33,4.5,319.775
2025-02-21,4.33,4.42,319.775
2025-02-22,4.33,4.42,319.775
2025-02-23,4.33,4.42,319.775
2025-02-24,4.33,4.4,319.775
2025-02-25,4.33,4.3,319.775
2025-02-26,4.33,4.25,319.775
2025-02-27,4.33,4.29,319.775
2025-02-28,4.33,4.24,319.775
2025-03-01,4.33,4.24,319.615
2025-03-02,4.33,4.24,319.615
2025-03-03,4.33,4.16,319.615
2025-03-04,4.33,4.22,319.615
2025-03-05,4.33,4.28,319.615
2025-03-06,4.33,4.29,319.615
2025-03-07,4.33,4.32,319.615
2025-03-08,4.33,4.32,319.615
2025-03-09,4.33,4.32,319.615
2025-03-10,4.33,4.22,319.615
2025-03-11,4.33,4.28,319.615
2025-03-12,4.33,4.32,319.615
2025-03-13,4.33,4.27,319.615
2025-03-14,4.33,4.31,319.615
2025-03-15,4.33,4.31,319.615
2025-03-16,4.33,4.31,319.615
2025-03-17,4.33,4.31,319.615
2025-03-18,4.33,4.29,319.615
2025-03-19,4.33,4.25,319.615
2025-03-20,4.33,4.24,319.615
2025-03-21,4.33,4.25,319.615
2025-03-22,4.33,4.25,319.615
2025-03-23,4.33,4.25,319.615
2025-03-24,4.33,4.34,319.615
2025-03-25,4.33,4.31,319.615
2025-03-26,4.33,4.35,319.615
2025-03-27,4.33,4.38,319.615
2025-03-28,4.33,4.27,319.615
2025-03-29,4.33,4.27,319.615
2025-03-30,4.33,4.27,319.615
2025-03-31,4.33,4.23,319.615
2025-04-01,4.33,4.17,319.615
2025-04-02,4.33,4.2,319.615
2025-04-03,4.33,4.06,319.615
2025-04-04,4.33,4.01,319.615
2025-04-05,4.33,4.01,319.615
2025-04-06,4.33,4.01,319.615
2025-04-07,4.33,4.15,319.615
2025-04-08,4.33,4.26,319.615
2025-04-09,4.33,4.34,319.615
2025-04-10,4.33,4.4,319.615
2025-04-11,4.33,4.48,319.615
2025-04-12,4.33,4.48,319.615
2025-04-13,4.33,4.48,319.615
2025-04-14,4.33,4.38,319.615
2025-04-15,4.33,4.35,319.615
2025-04-16,4.33,4.29,319.615
2025-04-17,4.33,4.34,319.615
2025-04-18,4.33,4.34,319.615
2025-04-19,4.33,4.34,319.615
2025-04-20,4.33,4.34,319.615
2025-04-21,4.33,4.42,319.615
2025-04-22,4.33,4.41,319.615
2025-04-23,4.33,4.4,319.615
2025-04-24,4.33,4.32,319.615
2025-04-25,4.33,4.29,319.615
2025-04-26,4.33,4.29,319.615
2025-04-27,4.33,4.29,319.615
2025-04-28,4.33,4.23,319.615
2025-04-29,4.33,4.19,319.615
2025-04-30,4.33,4.17,319.615
2025-05-01,4.33,4.25,319.615
2025-05-02,4.33,4.33,319.615
2025-05-03,4.33,4.33,319.615
2025-05-04,4.33,4.33,319.615
2025-05-05,4.33,4.33,319.615
