date,risk_label,risk_prob_low,risk_prob_medium,risk_prob_high,risk_prediction,risk_level
2020-01-02,Low,0.4673391,0.32156378,0.21109708,0,0.0
2020-01-03,Low,0.95149106,0.04043826,0.008070618,0,0.0
2020-01-06,Low,0.92820734,0.058173638,0.013618999,0,0.0
2020-01-07,Low,0.8745839,0.103710465,0.021705672,0,0.0
2020-01-08,Low,0.93455034,0.053797916,0.011651749,0,0.0
2020-01-09,Low,0.97318774,0.02142433,0.00538794,0,0.0
2020-01-10,Low,0.96570146,0.02726347,0.0070350976,0,0.0
2020-01-13,Low,0.95624906,0.03449935,0.009251628,0,0.0
2020-01-14,Low,0.88762844,0.10288149,0.009490089,0,0.0
2020-01-15,Low,0.9022282,0.0870479,0.010723961,0,0.0
2020-01-16,Low,0.878433,0.11135929,0.010207731,0,0.0
2020-01-17,Low,0.902749,0.089086354,0.008164645,0,0.0
2020-01-20,Low,0.97103935,0.024687922,0.0042727175,0,0.0
2020-01-21,Low,0.9571016,0.03527337,0.0076250047,0,0.0
2020-01-22,Low,0.8713279,0.12380363,0.0048685023,0,0.0
2020-01-23,Low,0.96337223,0.033407018,0.0032207696,0,0.0
2020-01-24,Low,0.92152154,0.0719052,0.006573199,0,0.0
2020-01-27,Low,0.9724053,0.024119735,0.0034750102,0,0.0
2020-01-28,Low,0.6783361,0.31943625,0.0022276882,0,0.0
2020-01-29,Low,0.5581907,0.43949327,0.0023160104,0,0.0
2020-01-30,Low,0.8882271,0.10657978,0.005193137,0,0.0
2020-01-31,Low,0.8749666,0.11630346,0.008729892,0,0.0
2020-02-03,Low,0.7440502,0.25035635,0.0055934647,0,0.0
2020-02-04,Low,0.91838926,0.07417138,0.007439393,0,0.0
2020-02-05,Low,0.9719053,0.021037817,0.0070568398,0,0.0
2020-02-06,Low,0.82789826,0.1680239,0.004077816,0,0.0
2020-02-07,Low,0.73882794,0.2573456,0.0038265348,0,0.0
2020-02-10,Low,0.8099789,0.1831014,0.006919651,0,0.0
2020-02-11,Low,0.9105707,0.08382926,0.005600065,0,0.0
2020-02-12,Low,0.8378271,0.15771194,0.004460968,0,0.0
2020-02-13,Low,0.9351385,0.062909745,0.0019516919,0,0.0
2020-02-14,Low,0.9570561,0.041659318,0.001284645,0,0.0
2020-02-17,Low,0.83746386,0.16042395,0.0021122226,0,0.0
2020-02-18,Low,0.8041709,0.19353496,0.0022941676,0,0.0
2020-02-19,Low,0.81137663,0.18233933,0.0062840707,0,0.0
2020-02-20,Low,0.69792944,0.29058456,0.011485997,0,0.0
2020-02-21,Low,0.943384,0.04857654,0.0080394605,0,0.0
2020-02-24,Low,0.88944465,0.104112834,0.0064424854,0,0.0
2020-02-25,Low,0.8504967,0.1343989,0.01510439,0,0.0
2020-02-26,Medium,0.2318808,0.7641641,0.0039551635,1,1.0
2020-02-27,Medium,0.23437369,0.7558426,0.009783713,1,1.0
2020-02-28,High,0.011014992,0.2832183,0.70576674,2,1.0
2020-03-02,Medium,0.04972993,0.91433305,0.035937008,1,1.0
2020-03-03,Medium,0.005534822,0.8868287,0.10763644,1,1.0
2020-03-04,Medium,0.075392224,0.85021025,0.074397534,1,1.0
2020-03-05,Low,0.9162977,0.055467818,0.028234508,0,2.0
2020-03-06,High,0.011953371,0.21951978,0.76852685,2,2.0
2020-03-09,High,0.006986991,0.028338768,0.9646743,2,2.0
2020-03-10,Low,0.5767387,0.35994852,0.06331279,0,0.0
2020-03-11,Low,0.78080314,0.114084,0.10511287,0,0.0
2020-03-12,Low,0.8718306,0.10465808,0.023511402,0,0.0
2020-03-13,Low,0.89828485,0.07643865,0.025276456,0,0.0
2020-03-16,Low,0.76042235,0.20600234,0.033575337,0,0.0
2020-03-17,Low,0.751188,0.1756741,0.073137954,0,0.0
2020-03-18,Low,0.8413474,0.12723769,0.0314149,0,0.0
2020-03-19,Low,0.9074303,0.051541984,0.041027695,0,0.0
2020-03-20,Medium,0.10846113,0.8416648,0.04987406,1,1.0
2020-03-23,Medium,0.012078789,0.9500377,0.037883516,1,1.0
2020-03-24,Medium,0.0035107126,0.95014876,0.04634049,1,1.0
2020-03-25,High,0.016138354,0.01617295,0.96768874,2,2.0
2020-03-26,High,0.006884731,0.054128014,0.93898726,2,2.0
2020-03-27,High,0.010438085,0.04850137,0.94106054,2,2.0
2020-03-30,Medium,0.012903644,0.8661469,0.120949365,1,1.0
2020-03-31,Medium,0.34341836,0.44004497,0.21653672,1,0.0
2020-04-01,Low,0.8695559,0.058010142,0.07243404,0,0.0
2020-04-02,Low,0.9512524,0.032098554,0.016649056,0,0.0
2020-04-03,Low,0.840344,0.08127177,0.07838421,0,0.0
2020-04-06,Low,0.5227978,0.30959666,0.16760552,0,1.0
2020-04-07,Low,0.541434,0.37992883,0.078637175,0,1.0
2020-04-08,Medium,0.0029915345,0.9338732,0.063135296,1,1.0
2020-04-09,Low,0.88913345,0.10264596,0.0082206065,0,0.0
2020-04-10,Medium,0.27029446,0.69455063,0.03515496,1,0.0
2020-04-13,Low,0.7388321,0.20454608,0.05662184,0,0.0
2020-04-14,Low,0.92220277,0.055735037,0.022062214,0,0.0
2020-04-15,Low,0.7498558,0.20831165,0.04183249,0,0.0
2020-04-16,Low,0.77788424,0.19845562,0.023660095,0,0.0
2020-04-17,Low,0.5860716,0.40207303,0.01185537,0,0.0
2020-04-20,Low,0.6644227,0.3229476,0.012629767,0,0.0
2020-04-21,Low,0.797535,0.1895027,0.012962276,0,0.0
2020-04-22,Low,0.87231493,0.12379675,0.0038883148,0,0.0
2020-04-23,Low,0.81799906,0.17735069,0.0046502333,0,0.0
2020-04-24,Low,0.7678027,0.22907555,0.0031216776,0,0.0
2020-04-27,Low,0.6201591,0.37434223,0.0054987026,0,0.0
2020-04-28,Medium,0.22899653,0.7531639,0.017839633,1,0.0
2020-04-29,Medium,0.07101431,0.9259767,0.0030090585,1,1.0
2020-04-30,Medium,0.08267127,0.90433764,0.012991103,1,1.0
2020-05-01,Medium,0.01596385,0.9658301,0.018206062,1,1.0
2020-05-04,Low,0.79879594,0.12138767,0.07981642,0,0.0
2020-05-05,Low,0.9080634,0.06651873,0.025417866,0,0.0
2020-05-06,Medium,0.42034683,0.5617011,0.017952027,1,0.0
2020-05-07,Low,0.74566096,0.20537508,0.048963945,0,0.0
2020-05-08,Low,0.6046142,0.16956398,0.22582181,0,0.0
2020-05-11,Medium,0.27392048,0.7164399,0.009639631,1,0.0
2020-05-12,Medium,0.43625832,0.54838514,0.015356558,1,0.0
2020-05-13,Low,0.71822625,0.2713947,0.0103790555,0,0.0
2020-05-14,Medium,0.45023736,0.5243578,0.025404874,1,0.0
2020-05-15,Medium,0.0805751,0.90733194,0.01209292,1,1.0
2020-05-18,Medium,0.09990232,0.8867757,0.013322036,1,1.0
2020-05-19,Medium,0.011141275,0.97349393,0.015364824,1,1.0
2020-05-20,Low,0.80112135,0.15256903,0.04630962,0,0.0
2020-05-21,Low,0.45679948,0.2111396,0.33206096,0,0.0
2020-05-22,Low,0.8207674,0.0032238166,0.1760088,0,0.0
2020-05-25,Medium,0.07013426,0.9270264,0.0028393636,1,1.0
2020-05-26,Medium,0.12174898,0.8745648,0.0036862378,1,1.0
2020-05-27,Medium,0.005439871,0.9900641,0.0044960184,1,1.0
2020-05-28,Low,0.67625433,0.2986603,0.025085289,0,0.0
2020-05-29,High,0.3610099,0.17523916,0.46375093,2,0.0
2020-06-01,Low,0.50382656,0.3903939,0.10577952,0,0.0
2020-06-02,Low,0.781977,0.10874319,0.10927986,0,0.0
2020-06-03,Medium,0.30764893,0.43023714,0.2621139,1,1.0
2020-06-04,Medium,0.1468429,0.7908262,0.06233091,1,1.0
2020-06-05,Medium,0.013984469,0.80151874,0.1844968,1,1.0
2020-06-08,Low,0.84908754,0.027524145,0.12338826,0,0.0
2020-06-09,Low,0.85366964,0.12549776,0.020832554,0,0.0
2020-06-10,Low,0.9473166,0.042338848,0.010344514,0,0.0
2020-06-11,Low,0.90604776,0.08449797,0.009454249,0,0.0
2020-06-12,Low,0.8794682,0.107940115,0.012591716,0,1.0
2020-06-15,Low,0.75537276,0.22615607,0.018471122,0,1.0
2020-06-16,Medium,0.017678818,0.9669716,0.015349606,1,1.0
2020-06-17,Low,0.94645065,0.048161637,0.00538767,0,0.0
2020-06-18,Low,0.9429632,0.047011264,0.010025516,0,0.0
2020-06-19,Low,0.94161075,0.048250828,0.010138418,0,1.0
2020-06-22,Medium,0.22200775,0.7627426,0.015249666,1,1.0
2020-06-23,Medium,0.0026934322,0.9928964,0.004410226,1,1.0
2020-06-24,Low,0.73592335,0.24955851,0.014518108,0,0.0
2020-06-25,Low,0.8910903,0.09156662,0.017343085,0,0.0
2020-06-26,Low,0.8537465,0.13382594,0.0124275945,0,0.0
2020-06-29,Medium,0.16969968,0.82757866,0.0027216857,1,0.0
2020-06-30,Medium,0.24188386,0.7540472,0.004068893,1,0.0
2020-07-01,Low,0.9195437,0.07111432,0.009341999,0,0.0
2020-07-02,Low,0.9259018,0.06784465,0.0062536225,0,0.0
2020-07-03,Low,0.9259492,0.06677219,0.007278616,0,0.0
2020-07-06,Low,0.9264144,0.062505424,0.011080186,0,0.0
2020-07-07,Low,0.89524424,0.09851893,0.006236784,0,0.0
2020-07-08,Low,0.9074175,0.086863905,0.005718659,0,0.0
2020-07-09,Low,0.86678344,0.12123982,0.011976758,0,0.0
2020-07-10,Low,0.9497277,0.044430565,0.0058416743,0,0.0
2020-07-13,Low,0.9399128,0.04712278,0.012964414,0,0.0
2020-07-14,Low,0.8177211,0.17615734,0.006121511,0,0.0
2020-07-15,Low,0.7484194,0.23579143,0.015789198,0,0.0
2020-07-16,Low,0.85826355,0.1267108,0.0150256045,0,0.0
2020-07-17,Low,0.9735311,0.01430869,0.012160205,0,0.0
2020-07-20,Medium,0.2978927,0.69812703,0.0039802305,1,1.0
2020-07-21,Medium,0.23919764,0.75635105,0.0044512884,1,1.0
2020-07-22,Medium,0.003667455,0.9903059,0.0060266485,1,1.0
2020-07-23,Low,0.51703453,0.30740392,0.17556153,0,0.0
2020-07-24,Medium,0.44393694,0.4883358,0.06772725,1,1.0
2020-07-27,Low,0.5407941,0.366295,0.092910916,0,1.0
2020-07-28,Medium,0.0073417183,0.88619626,0.10646197,1,1.0
2020-07-29,Low,0.8871162,0.057424825,0.055459026,0,1.0
2020-07-30,Medium,0.052363127,0.91934276,0.02829414,1,1.0
2020-07-31,Medium,0.012797486,0.90722245,0.0799801,1,1.0
2020-08-03,Low,0.9002833,0.08606643,0.013650335,0,0.0
2020-08-04,Low,0.9258447,0.05883574,0.015319527,0,0.0
2020-08-05,Low,0.8884226,0.105347276,0.006230075,0,0.0
2020-08-06,Low,0.80089915,0.18967402,0.009426823,0,0.0
2020-08-07,Low,0.93129355,0.061729502,0.0069769616,0,0.0
2020-08-10,Low,0.94272506,0.049625948,0.0076489444,0,0.0
2020-08-11,Low,0.91121805,0.081804246,0.0069777216,0,0.0
2020-08-12,Low,0.7732438,0.21857668,0.008179522,0,0.0
2020-08-13,Low,0.75015724,0.24561197,0.0042307717,0,0.0
2020-08-14,Low,0.92817384,0.06486703,0.0069590765,0,0.0
2020-08-17,Low,0.9215208,0.066484876,0.0119942445,0,0.0
2020-08-18,Low,0.91892046,0.07918857,0.0018909576,0,0.0
2020-08-19,Low,0.4951585,0.48871258,0.01612893,0,0.0
2020-08-20,Low,0.9352379,0.05832477,0.0064373594,0,0.0
2020-08-21,Low,0.9553048,0.042917244,0.0017778937,0,0.0
2020-08-24,Low,0.92525,0.06578347,0.008966513,0,0.0
2020-08-25,Low,0.80433637,0.17320344,0.022460202,0,0.0
2020-08-26,Low,0.5768573,0.41912898,0.004013709,0,0.0
2020-08-27,Medium,0.3310307,0.6653271,0.0036422578,1,1.0
2020-08-28,Low,0.9642924,0.033343323,0.0023643374,0,1.0
2020-08-31,Medium,0.011575448,0.9817784,0.0066461302,1,1.0
2020-09-01,Low,0.7430496,0.2521912,0.0047592144,0,0.0
2020-09-02,Low,0.96351904,0.024683217,0.011797724,0,0.0
2020-09-03,Low,0.9720176,0.021218924,0.0067634927,0,0.0
2020-09-04,Low,0.8021494,0.19349232,0.004358304,0,0.0
2020-09-07,Low,0.740483,0.2560929,0.0034240694,0,0.0
2020-09-08,Low,0.9817903,0.015002943,0.0032067045,0,0.0
2020-09-09,Low,0.9347763,0.062767744,0.002455913,0,0.0
2020-09-10,Low,0.92597544,0.07059774,0.0034268184,0,0.0
2020-09-11,Low,0.9793865,0.01868764,0.0019259008,0,0.0
2020-09-14,Low,0.90965396,0.087604836,0.0027411296,0,0.0
2020-09-15,Low,0.9005079,0.094525725,0.004966295,0,0.0
2020-09-16,Low,0.97771513,0.019191327,0.0030936108,0,0.0
2020-09-17,Low,0.9774214,0.02076855,0.0018099799,0,0.0
2020-09-18,Low,0.96696055,0.027851755,0.0051877205,0,0.0
2020-09-21,Low,0.9637866,0.032298174,0.0039151893,0,0.0
2020-09-22,Low,0.9834372,0.012820476,0.0037423621,0,0.0
2020-09-23,Low,0.72082907,0.27263528,0.006535613,0,0.0
2020-09-24,Low,0.66886145,0.29354268,0.0375959,0,0.0
2020-09-25,Low,0.720819,0.21696547,0.062215533,0,0.0
2020-09-28,Low,0.9506663,0.047972124,0.0013616061,0,0.0
2020-09-29,Low,0.910129,0.088241145,0.001629856,0,0.0
2020-09-30,Low,0.75685203,0.23949419,0.0036538115,0,0.0
2020-10-01,Low,0.8027435,0.19316858,0.0040879208,0,0.0
2020-10-02,Low,0.86695784,0.13040583,0.002636362,0,0.0
2020-10-05,Low,0.9582728,0.038215704,0.0035114442,0,0.0
2020-10-06,Low,0.79132766,0.20355044,0.0051219305,0,0.0
2020-10-07,Low,0.81171614,0.18594639,0.0023374478,0,0.0
2020-10-08,Low,0.8738663,0.123733945,0.0023997633,0,0.0
2020-10-09,Low,0.8936668,0.1047803,0.0015529081,0,0.0
2020-10-12,Low,0.9701101,0.028692752,0.0011971658,0,0.0
2020-10-13,Low,0.804782,0.19384377,0.0013741999,0,0.0
2020-10-14,Low,0.7759112,0.22222492,0.0018638942,0,0.0
2020-10-15,Low,0.5415008,0.45678002,0.0017191677,0,0.0
2020-10-16,Low,0.72428656,0.27342108,0.0022923416,0,0.0
2020-10-19,Low,0.9440987,0.051551055,0.0043502054,0,0.0
2020-10-20,Low,0.9495012,0.04748613,0.0030126218,0,0.0
2020-10-21,Low,0.7507584,0.24198121,0.007260376,0,0.0
2020-10-22,Low,0.5200496,0.4623755,0.017574897,0,0.0
2020-10-23,Low,0.86130327,0.13372792,0.0049688597,0,0.0
2020-10-26,Low,0.93894374,0.05651777,0.004538422,0,0.0
2020-10-27,Low,0.9566585,0.04059417,0.0027473858,0,0.0
2020-10-28,Low,0.97294134,0.022558575,0.004500006,0,0.0
2020-10-29,Low,0.9679192,0.028783046,0.0032978146,0,0.0
2020-10-30,Low,0.8829529,0.07106805,0.04597902,0,0.0
2020-11-02,Medium,0.1683013,0.79202354,0.039675135,1,1.0
2020-11-03,Medium,0.08967035,0.9059442,0.0043853573,1,1.0
2020-11-04,Medium,0.024010034,0.9186876,0.057302374,1,1.0
2020-11-05,Low,0.59369403,0.40125966,0.0050462876,0,1.0
2020-11-06,Medium,0.006659588,0.96128905,0.032051433,1,1.0
2020-11-09,Medium,0.014290872,0.9226028,0.063106395,1,1.0
2020-11-10,Low,0.96813667,0.019436171,0.012427143,0,0.0
2020-11-11,Low,0.9367334,0.053757317,0.009509282,0,0.0
2020-11-12,Low,0.8944578,0.10357076,0.0019714409,0,0.0
2020-11-13,Low,0.85076237,0.14591938,0.0033182297,0,0.0
2020-11-16,Low,0.9552884,0.042178992,0.002532636,0,0.0
2020-11-17,Low,0.9044047,0.09377574,0.0018195342,0,0.0
2020-11-18,Low,0.8905618,0.107914045,0.0015240787,0,0.0
2020-11-19,Low,0.9762991,0.022187034,0.0015138494,0,0.0
2020-11-20,Low,0.9443507,0.051638078,0.004011179,0,0.0
2020-11-23,Low,0.930749,0.06442154,0.0048294608,0,0.0
2020-11-24,Low,0.93371224,0.05952092,0.0067668823,0,0.0
2020-11-25,Low,0.959803,0.037806608,0.0023904215,0,0.0
2020-11-26,Low,0.94062465,0.051003095,0.008372242,0,0.0
2020-11-27,Low,0.8939523,0.099934466,0.0061132656,0,0.0
2020-11-30,Medium,0.20912991,0.7815487,0.009321409,1,1.0
2020-12-01,Low,0.84023845,0.15161297,0.008148562,0,1.0
2020-12-02,Medium,0.030227182,0.8627952,0.10697766,1,1.0
2020-12-03,Low,0.6625276,0.26492456,0.07254782,0,0.0
2020-12-04,Low,0.7921637,0.14216317,0.0656731,0,0.0
2020-12-07,Low,0.8533595,0.018008169,0.1286323,0,0.0
2020-12-08,Low,0.85920066,0.12853919,0.012260118,0,0.0
2020-12-09,Low,0.88625336,0.10409816,0.009648483,0,0.0
2020-12-10,Low,0.90830183,0.07778167,0.013916486,0,0.0
2020-12-11,Low,0.84523934,0.14426242,0.010498272,0,0.0
2020-12-14,Low,0.9302588,0.0634624,0.006278738,0,0.0
2020-12-15,Low,0.938423,0.05089501,0.010681994,0,0.0
2020-12-16,Low,0.9346984,0.057528764,0.007772765,0,0.0
2020-12-17,Low,0.94940734,0.044307016,0.0062856325,0,0.0
2020-12-18,Low,0.91934294,0.07327574,0.007381346,0,0.0
2020-12-21,Low,0.9309376,0.06336581,0.0056965984,0,0.0
2020-12-22,Low,0.93383944,0.0515241,0.014636438,0,0.0
2020-12-23,Low,0.8756063,0.11198774,0.012405936,0,0.0
2020-12-24,Low,0.81667197,0.17055294,0.012775032,0,0.0
2020-12-25,Low,0.89069384,0.1017613,0.00754488,0,0.0
2020-12-28,Low,0.88162386,0.11047213,0.007904046,0,0.0
2020-12-29,Low,0.89074254,0.1001563,0.009101182,0,0.0
2020-12-30,Low,0.93877035,0.0558752,0.005354454,0,0.0
2020-12-31,Low,0.9165877,0.075272515,0.008139815,0,0.0
2021-01-01,Low,0.93655807,0.05301419,0.010427803,0,0.0
2021-01-04,Low,0.83522284,0.15322085,0.01155633,0,0.0
2021-01-05,Low,0.90876704,0.08299267,0.00824021,0,0.0
2021-01-06,Low,0.9165131,0.07507693,0.008410016,0,0.0
2021-01-07,Low,0.9040226,0.081822254,0.0141551485,0,0.0
2021-01-08,Low,0.89021057,0.09977373,0.010015728,0,0.0
2021-01-11,Low,0.93852365,0.04946738,0.012008984,0,0.0
2021-01-12,Low,0.53515464,0.30421522,0.16063015,0,0.0
2021-01-13,Low,0.5546949,0.24295692,0.2023482,0,0.0
2021-01-14,Low,0.89814943,0.09168832,0.010162285,0,0.0
2021-01-15,Low,0.9196188,0.073668525,0.0067126476,0,0.0
2021-01-18,Low,0.9411432,0.04794595,0.0109108165,0,0.0
2021-01-19,Low,0.81625175,0.17417067,0.00957755,0,0.0
2021-01-20,Low,0.7327655,0.25902435,0.00821015,0,0.0
2021-01-21,Low,0.92892945,0.06671865,0.004351955,0,0.0
2021-01-22,Low,0.93623316,0.0579496,0.005817269,0,0.0
2021-01-25,Low,0.941499,0.053128134,0.005372937,0,0.0
2021-01-26,Low,0.91032296,0.07703294,0.012644116,0,0.0
2021-01-27,Low,0.9364498,0.05464255,0.008907656,0,0.0
2021-01-28,Low,0.8446512,0.14857964,0.0067691607,0,0.0
2021-01-29,Low,0.9387137,0.05606901,0.00521728,0,0.0
2021-02-01,Low,0.868202,0.123710856,0.008087169,0,0.0
2021-02-02,Low,0.94761413,0.047748398,0.004637441,0,0.0
2021-02-03,Low,0.54801685,0.44817722,0.0038059372,0,0.0
2021-02-04,Medium,0.12710276,0.87026954,0.0026276817,1,1.0
2021-02-05,Medium,0.11687257,0.87675375,0.0063736695,1,1.0
2021-02-08,Medium,0.015109202,0.97985727,0.005033589,1,1.0
2021-02-09,Low,0.91262084,0.075746045,0.011633135,0,0.0
2021-02-10,Low,0.78837365,0.19562432,0.016002033,0,0.0
2021-02-11,Low,0.94375706,0.02979079,0.026452145,0,0.0
2021-02-12,Low,0.8971774,0.09544647,0.0073761623,0,0.0
2021-02-15,Low,0.93135124,0.06318439,0.005464344,0,0.0
2021-02-16,Low,0.91102815,0.07976761,0.00920424,0,0.0
2021-02-17,Low,0.9046942,0.087692514,0.007613248,0,0.0
2021-02-18,Low,0.9482249,0.04295361,0.0088214595,0,0.0
2021-02-19,Low,0.8208531,0.17215137,0.0069955396,0,0.0
2021-02-22,Low,0.9084041,0.08462299,0.006972901,0,0.0
2021-02-23,Low,0.93452734,0.05887329,0.006599353,0,0.0
2021-02-24,Low,0.94421667,0.04793557,0.007847758,0,0.0
2021-02-25,Low,0.933706,0.060983047,0.0053109536,0,0.0
2021-02-26,Low,0.91782886,0.07147828,0.010692862,0,0.0
2021-03-01,Low,0.9423908,0.04975834,0.00785086,0,0.0
2021-03-02,Low,0.95603853,0.034880105,0.009081321,0,0.0
2021-03-03,Low,0.8635111,0.12801582,0.008473105,0,0.0
2021-03-04,Low,0.96394414,0.027683226,0.008372651,0,0.0
2021-03-05,Low,0.9547267,0.034522355,0.0107508665,0,0.0
2021-03-08,Low,0.6937117,0.28787836,0.018409949,0,0.0
2021-03-09,Low,0.8729822,0.098143525,0.028874274,0,0.0
2021-03-10,Low,0.7818101,0.11514951,0.10304045,0,0.0
2021-03-11,Low,0.8734148,0.122234896,0.0043502455,0,0.0
2021-03-12,Low,0.8675346,0.1246173,0.007848142,0,0.0
2021-03-15,Low,0.95644814,0.03399349,0.00955839,0,0.0
2021-03-16,Medium,0.09293719,0.90388286,0.0031798838,1,1.0
2021-03-17,Medium,0.17890322,0.8137065,0.007390227,1,1.0
2021-03-18,Medium,0.007850192,0.9901736,0.0019761983,1,1.0
2021-03-19,Medium,0.3702783,0.6210912,0.008630524,1,0.0
2021-03-22,Low,0.79678446,0.20140083,0.0018147348,0,0.0
2021-03-23,Medium,0.4959675,0.5013271,0.0027053931,1,0.0
2021-03-24,Low,0.9245372,0.07352368,0.0019391053,0,0.0
2021-03-25,Low,0.95894825,0.039890736,0.0011610397,0,0.0
2021-03-26,Low,0.88865834,0.10770116,0.0036405046,0,0.0
2021-03-29,Low,0.7258261,0.26762262,0.00655131,0,0.0
2021-03-30,Low,0.976719,0.020932825,0.0023481965,0,0.0
2021-03-31,Low,0.98098695,0.01734969,0.0016633375,0,0.0
2021-04-01,Low,0.9676292,0.029231137,0.0031396574,0,0.0
2021-04-02,Low,0.96160686,0.03695137,0.0014418223,0,0.0
2021-04-05,Low,0.8716841,0.12517053,0.0031454389,0,0.0
2021-04-06,Low,0.8006035,0.19747686,0.0019196871,0,0.0
2021-04-07,Low,0.896298,0.09747939,0.0062226355,0,0.0
2021-04-08,Low,0.8739232,0.12369157,0.0023852594,0,0.0
2021-04-09,Low,0.8702826,0.12443332,0.005284048,0,0.0
2021-04-12,Low,0.94292694,0.04875707,0.008315946,0,0.0
2021-04-13,Low,0.94386744,0.051905185,0.0042273155,0,0.0
2021-04-14,Low,0.7604707,0.23630671,0.0032225973,0,0.0
2021-04-15,Low,0.6957868,0.3005011,0.003712073,0,0.0
2021-04-16,Medium,0.17336704,0.82252127,0.0041117375,1,1.0
2021-04-19,Low,0.83681005,0.15750779,0.0056822137,0,1.0
2021-04-20,Medium,0.008040985,0.9891044,0.0028545868,1,1.0
2021-04-21,Medium,0.47530118,0.5187488,0.005950014,1,0.0
2021-04-22,Medium,0.251309,0.742854,0.0058369837,1,1.0
2021-04-23,Low,0.5958642,0.394333,0.009802782,0,1.0
2021-04-26,Medium,0.036790587,0.95406395,0.009145436,1,1.0
2021-04-27,Low,0.9126789,0.07068232,0.016638793,0,0.0
2021-04-28,Low,0.68505055,0.3083197,0.006629809,0,0.0
2021-04-29,Low,0.8342036,0.1610548,0.004741617,0,0.0
2021-04-30,Low,0.8855655,0.107667476,0.006766995,0,0.0
2021-05-03,Low,0.9188812,0.07533621,0.0057825577,0,0.0
2021-05-04,Low,0.7667572,0.22849837,0.0047444548,0,0.0
2021-05-05,Low,0.9714831,0.022783678,0.0057332264,0,0.0
2021-05-06,Medium,0.13966206,0.8581189,0.0022190774,1,1.0
2021-05-07,Medium,0.21182181,0.78373975,0.004438422,1,1.0
2021-05-10,Medium,0.021556722,0.9661334,0.012309868,1,1.0
2021-05-11,Low,0.6930509,0.27797952,0.028969534,0,0.0
2021-05-12,Low,0.7333093,0.2508209,0.01586973,0,0.0
2021-05-13,Low,0.919998,0.06832649,0.01167556,0,0.0
2021-05-14,Low,0.93279886,0.05544976,0.01175138,0,0.0
2021-05-17,Low,0.85016525,0.13759902,0.012235679,0,0.0
2021-05-18,Low,0.93701583,0.056784946,0.0061992644,0,0.0
2021-05-19,Low,0.78896856,0.19754578,0.013485611,0,0.0
2021-05-20,Low,0.91182214,0.07934921,0.00882864,0,0.0
2021-05-21,Low,0.88777,0.106870815,0.0053592096,0,0.0
2021-05-24,Low,0.9086381,0.08235021,0.009011712,0,0.0
2021-05-25,Low,0.92640066,0.068415195,0.005184192,0,0.0
2021-05-26,Low,0.94720775,0.047895487,0.0048967814,0,0.0
2021-05-27,Low,0.91715455,0.07460544,0.008240001,0,0.0
2021-05-28,Low,0.9427879,0.048028674,0.009183381,0,0.0
2021-05-31,Low,0.9328702,0.06197007,0.0051596705,0,0.0
2021-06-01,Low,0.9244998,0.06901804,0.0064821485,0,0.0
2021-06-02,Low,0.8747145,0.11686568,0.00841986,0,0.0
2021-06-03,Low,0.90437764,0.08798132,0.007641027,0,0.0
2021-06-04,Low,0.9441462,0.045763034,0.010090687,0,0.0
2021-06-07,Low,0.8858459,0.10462975,0.009524381,0,0.0
2021-06-08,Low,0.95573014,0.03148736,0.0127824545,0,0.0
2021-06-09,Low,0.8847468,0.107992314,0.007260941,0,0.0
2021-06-10,Low,0.9118918,0.07151847,0.016589649,0,0.0
2021-06-11,Low,0.8428579,0.14737773,0.009764416,0,0.0
2021-06-14,Low,0.90167373,0.08168055,0.016645726,0,0.0
2021-06-15,Low,0.8688713,0.11272253,0.018406235,0,0.0
2021-06-16,Low,0.842701,0.1448636,0.012435454,0,0.0
2021-06-17,Low,0.8474929,0.10061923,0.051887892,0,0.0
2021-06-18,Low,0.9299194,0.027708558,0.042371992,0,0.0
2021-06-21,Low,0.9250932,0.027729103,0.04717769,0,0.0
2021-06-22,Low,0.8116182,0.11519146,0.07319031,0,0.0
2021-06-23,Low,0.9497963,0.047076546,0.0031271472,0,0.0
2021-06-24,Low,0.9602995,0.035005677,0.004694842,0,0.0
2021-06-25,Low,0.96091354,0.027209198,0.011877251,0,0.0
2021-06-28,Low,0.8839122,0.10064108,0.015446695,0,0.0
2021-06-29,Low,0.87768364,0.1106263,0.011690061,0,0.0
2021-06-30,Low,0.88382196,0.10274811,0.013429935,0,0.0
2021-07-01,Low,0.96214366,0.03513708,0.0027192703,0,0.0
2021-07-02,Low,0.96680665,0.03176796,0.0014254136,0,0.0
2021-07-05,Low,0.94550574,0.05124661,0.0032477097,0,0.0
2021-07-06,Low,0.91981125,0.07453806,0.005650689,0,0.0
2021-07-07,Low,0.9326102,0.062461462,0.0049282596,0,0.0
2021-07-08,Low,0.95590454,0.042155314,0.0019401698,0,0.0
2021-07-09,Low,0.9391109,0.056836005,0.004053076,0,0.0
2021-07-12,Low,0.6640689,0.33180737,0.004123757,0,0.0
2021-07-13,Low,0.96302074,0.032047484,0.0049317707,0,0.0
2021-07-14,Low,0.9820533,0.014768645,0.003178042,0,0.0
2021-07-15,Low,0.9102734,0.08476637,0.0049602003,0,0.0
2021-07-16,Low,0.96325475,0.033908512,0.0028367776,0,0.0
2021-07-19,Low,0.7063376,0.29085276,0.0028096943,0,0.0
2021-07-20,Low,0.91679555,0.081175804,0.0020286152,0,0.0
2021-07-21,Low,0.9277774,0.069486365,0.0027362294,0,0.0
2021-07-22,Low,0.9460384,0.049120087,0.004841435,0,0.0
2021-07-23,Low,0.9625876,0.032764155,0.0046482994,0,0.0
2021-07-26,Low,0.9425848,0.05202682,0.0053883702,0,0.0
2021-07-27,Low,0.9520689,0.044435997,0.0034950667,0,0.0
2021-07-28,Low,0.94711214,0.04821834,0.0046695084,0,0.0
2021-07-29,Low,0.9336492,0.04836687,0.017983973,0,0.0
2021-07-30,Low,0.8781045,0.11139187,0.010503572,0,0.0
2021-08-02,Low,0.87684125,0.11502981,0.0081288675,0,0.0
2021-08-03,Low,0.8658867,0.11890383,0.015209536,0,0.0
2021-08-04,Low,0.94395596,0.05059352,0.005450526,0,0.0
2021-08-05,Low,0.95492667,0.041262727,0.003810536,0,0.0
2021-08-06,Low,0.9454034,0.051055398,0.003541157,0,0.0
2021-08-09,Low,0.9646114,0.027922258,0.0074663213,0,0.0
2021-08-10,Low,0.7948695,0.19594029,0.009190275,0,0.0
2021-08-11,Low,0.95664024,0.03858115,0.0047786464,0,0.0
2021-08-12,Low,0.9093937,0.087240666,0.0033655528,0,0.0
2021-08-13,Low,0.9474713,0.047398634,0.005130008,0,0.0
2021-08-16,Low,0.64400756,0.35305205,0.0029404152,0,0.0
2021-08-17,Low,0.9720999,0.024225771,0.0036743071,0,0.0
2021-08-18,Low,0.9806131,0.01719964,0.0021872486,0,0.0
2021-08-19,Low,0.97868675,0.018747287,0.0025659988,0,0.0
2021-08-20,Low,0.9345739,0.063493356,0.0019327329,0,0.0
2021-08-23,Low,0.9229271,0.0754591,0.0016138518,0,0.0
2021-08-24,Low,0.98490334,0.0137959365,0.0013007203,0,0.0
2021-08-25,Low,0.8672149,0.1308024,0.0019826652,0,0.0
2021-08-26,Low,0.9065136,0.09078004,0.0027063661,0,0.0
2021-08-27,Low,0.8902579,0.10820188,0.0015402695,0,0.0
2021-08-30,Low,0.9635846,0.034743834,0.0016715821,0,0.0
2021-08-31,Low,0.96427596,0.033859074,0.0018649199,0,0.0
2021-09-01,Low,0.96989846,0.027770126,0.0023314562,0,0.0
2021-09-02,Low,0.92818844,0.06868231,0.003129278,0,0.0
2021-09-03,Low,0.8853538,0.10914757,0.0054986393,0,0.0
2021-09-06,Low,0.8433944,0.15387519,0.0027304003,0,0.0
2021-09-07,Low,0.9304944,0.06832843,0.0011771871,0,0.0
2021-09-08,Low,0.9177939,0.07671194,0.0054941447,0,0.0
2021-09-09,Low,0.70323724,0.29406536,0.002697423,0,0.0
2021-09-10,Low,0.80598617,0.19164144,0.0023723668,0,0.0
2021-09-13,Low,0.97711724,0.021042032,0.0018407673,0,0.0
2021-09-14,Low,0.9305677,0.064927146,0.0045051267,0,0.0
2021-09-15,Low,0.9364085,0.0565435,0.0070479796,0,0.0
2021-09-16,Low,0.9296683,0.06519272,0.005138938,0,0.0
2021-09-17,Low,0.9408773,0.054620743,0.004501979,0,0.0
2021-09-20,Low,0.9866001,0.009840802,0.0035590418,0,0.0
2021-09-21,Low,0.93392646,0.062373165,0.0037003136,0,0.0
2021-09-22,Low,0.985274,0.011057352,0.003668658,0,0.0
2021-09-23,Low,0.9772997,0.020852206,0.0018481505,0,0.0
2021-09-24,Low,0.94038254,0.05679436,0.0028230757,0,0.0
2021-09-27,Low,0.8362801,0.16083905,0.002880781,0,0.0
2021-09-28,Low,0.90900826,0.088831715,0.002160057,0,0.0
2021-09-29,Low,0.96710145,0.031648967,0.0012495978,0,0.0
2021-09-30,Low,0.9904399,0.00746057,0.0020994914,0,0.0
2021-10-01,Low,0.88594496,0.108102396,0.0059526283,0,0.0
2021-10-04,Low,0.82812464,0.16908328,0.0027920927,0,0.0
2021-10-05,Low,0.8211519,0.17606339,0.0027846675,0,0.0
2021-10-06,Low,0.93249196,0.059399366,0.0081086755,0,0.0
2021-10-07,Low,0.9208227,0.07677561,0.002401688,0,0.0
2021-10-08,Low,0.88610584,0.110884875,0.0030092848,0,0.0
2021-10-11,Low,0.85465044,0.14185108,0.0034984315,0,0.0
2021-10-12,Low,0.870112,0.12479466,0.0050933845,0,0.0
2021-10-13,Low,0.88910764,0.10489264,0.0059997253,0,0.0
2021-10-14,Low,0.77272815,0.22113508,0.0061367895,0,0.0
2021-10-15,Low,0.8329045,0.16467558,0.0024199302,0,0.0
2021-10-18,Low,0.91451347,0.08278448,0.00270208,0,0.0
2021-10-19,Low,0.8153538,0.18172635,0.0029198662,0,0.0
2021-10-20,Low,0.9733257,0.02365049,0.0030237057,0,0.0
2021-10-21,Low,0.9620881,0.036244415,0.0016674947,0,0.0
2021-10-22,Low,0.9468411,0.049372744,0.0037860838,0,0.0
2021-10-25,Low,0.944441,0.051521238,0.004037754,0,0.0
2021-10-26,Low,0.952412,0.0441264,0.0034615842,0,0.0
2021-10-27,Low,0.91899675,0.07639834,0.0046048583,0,1.0
2021-10-28,Low,0.8852971,0.107757956,0.006944917,0,1.0
2021-10-29,Medium,0.03162061,0.9542257,0.01415366,1,1.0
2021-11-01,Low,0.94881725,0.04167966,0.009503109,0,0.0
2021-11-02,Low,0.901212,0.091763586,0.0070244647,0,0.0
2021-11-03,Low,0.9541404,0.033782724,0.012076905,0,0.0
2021-11-04,Low,0.81672114,0.1730032,0.010275719,0,0.0
2021-11-05,Low,0.98054594,0.015712488,0.003741514,0,0.0
2021-11-08,Low,0.9422998,0.054122947,0.0035772996,0,0.0
2021-11-09,Low,0.84659827,0.14564563,0.007756052,0,0.0
2021-11-10,Low,0.9062072,0.08366774,0.010125083,0,0.0
2021-11-11,Low,0.972249,0.021726757,0.0060242903,0,0.0
2021-11-12,Medium,0.36584586,0.60729104,0.026863085,1,0.0
2021-11-15,Medium,0.32566297,0.64272237,0.031614654,1,0.0
2021-11-16,Low,0.8374309,0.13335587,0.029213212,0,0.0
2021-11-17,Low,0.845757,0.13418165,0.020061318,0,0.0
2021-11-18,Low,0.94729114,0.035928138,0.016780738,0,0.0
2021-11-19,Low,0.9043496,0.09356203,0.0020883002,0,0.0
2021-11-22,Low,0.96492594,0.031690262,0.0033837263,0,0.0
2021-11-23,Low,0.8672965,0.13051619,0.0021872849,0,0.0
2021-11-24,Low,0.8810496,0.10544285,0.013507565,0,0.0
2021-11-25,Medium,0.20778485,0.77771825,0.01449692,1,1.0
2021-11-26,Low,0.8354698,0.15486246,0.009667747,0,1.0
2021-11-29,Medium,0.009715602,0.98435277,0.005931599,1,1.0
2021-11-30,Low,0.87434274,0.116480574,0.009176684,0,0.0
2021-12-01,Medium,0.3091524,0.6852969,0.0055507403,1,0.0
2021-12-02,Low,0.6779027,0.31709787,0.0049994225,0,0.0
2021-12-03,Low,0.9352643,0.05823941,0.0064963247,0,0.0
2021-12-06,Low,0.9458202,0.049555257,0.004624532,0,0.0
2021-12-07,Low,0.9220205,0.072674304,0.005305221,0,0.0
2021-12-08,Low,0.8259556,0.16795048,0.0060938867,0,0.0
2021-12-09,Medium,0.39342538,0.59872353,0.007851095,1,0.0
2021-12-10,Low,0.710957,0.28676546,0.0022775705,0,0.0
2021-12-13,Low,0.86962056,0.126786,0.0035934097,0,0.0
2021-12-14,Low,0.98125494,0.0145534845,0.004191625,0,0.0
2021-12-15,Low,0.9511246,0.046086352,0.0027890834,0,0.0
2021-12-16,Low,0.9231735,0.07202682,0.0047996854,0,0.0
2021-12-17,Low,0.9185511,0.06462182,0.016827134,0,0.0
2021-12-20,Low,0.9750376,0.020340163,0.004622316,0,0.0
2021-12-21,Low,0.84760946,0.14469643,0.007694121,0,0.0
2021-12-22,Low,0.9001936,0.09299857,0.006807789,0,0.0
2021-12-23,Low,0.8683328,0.12066252,0.011004667,0,0.0
2021-12-24,Low,0.74629706,0.23542106,0.018281858,0,0.0
2021-12-27,Low,0.87776995,0.11365927,0.008570783,0,0.0
2021-12-28,Low,0.9161612,0.07735626,0.006482525,0,0.0
2021-12-29,Low,0.87576264,0.111611865,0.012625458,0,0.0
2021-12-30,Low,0.95358,0.041608874,0.0048111184,0,0.0
2021-12-31,Low,0.9009956,0.085673094,0.013331263,0,0.0
2022-01-03,Low,0.9281366,0.065104775,0.0067586736,0,0.0
2022-01-04,Low,0.9495435,0.04058166,0.009874881,0,0.0
2022-01-05,Low,0.9480426,0.03991668,0.012040773,0,0.0
2022-01-06,Low,0.74203223,0.24456555,0.013402259,0,0.0
2022-01-07,Low,0.8857893,0.106883116,0.007327546,0,0.0
2022-01-10,Low,0.52269155,0.46257555,0.014732883,0,0.0
2022-01-11,Low,0.95002955,0.036159366,0.0138111,0,1.0
2022-01-12,Medium,0.3603696,0.62627643,0.013353923,1,1.0
2022-01-13,Medium,0.0487576,0.9213256,0.029916832,1,1.0
2022-01-14,Low,0.5991064,0.38898548,0.011908158,0,0.0
2022-01-17,Low,0.9564965,0.03103331,0.012470235,0,0.0
2022-01-18,Low,0.6851826,0.31210035,0.0027170426,0,0.0
2022-01-19,Low,0.95867765,0.0342499,0.0070724296,0,0.0
2022-01-20,Low,0.5664488,0.42794186,0.00560937,0,0.0
2022-01-21,Low,0.96210897,0.031997163,0.0058938144,0,0.0
2022-01-24,Low,0.86577874,0.13088614,0.0033351504,0,0.0
2022-01-25,Low,0.9405545,0.05421602,0.0052295225,0,0.0
2022-01-26,Low,0.9229539,0.07189712,0.0051490134,0,0.0
2022-01-27,Low,0.95996875,0.03677197,0.0032593068,0,0.0
2022-01-28,Low,0.93482965,0.031016275,0.03415407,0,1.0
2022-01-31,Low,0.45195478,0.3861575,0.16188769,0,1.0
2022-02-01,Medium,0.0009344186,0.97333616,0.025729416,1,1.0
2022-02-02,Medium,0.32454416,0.59690857,0.07854728,1,2.0
2022-02-03,High,0.07319149,0.11437902,0.8124295,2,2.0
2022-02-04,High,0.013921216,0.07118994,0.9148889,2,2.0
2022-02-07,Medium,0.2763109,0.6739704,0.049718734,1,0.0
2022-02-08,Low,0.6423615,0.3119328,0.045705706,0,0.0
2022-02-09,Low,0.6851876,0.25721025,0.057602152,0,0.0
2022-02-10,Low,0.9028641,0.088126905,0.009009005,0,0.0
2022-02-11,Low,0.87976843,0.10857905,0.011652493,0,0.0
2022-02-14,Low,0.6905917,0.3023116,0.007096705,0,0.0
2022-02-15,Low,0.8288481,0.16816455,0.0029872954,0,0.0
2022-02-16,Low,0.79110086,0.20628935,0.0026097577,0,0.0
2022-02-17,Low,0.8107184,0.18703693,0.0022446827,0,0.0
2022-02-18,Low,0.68979365,0.30275634,0.0074500083,0,0.0
2022-02-21,Low,0.93371326,0.06269704,0.003589689,0,0.0
2022-02-22,Low,0.9284529,0.06455001,0.0069971434,0,0.0
2022-02-23,Low,0.6925916,0.30274796,0.004660408,0,0.0
2022-02-24,Low,0.96822214,0.027893726,0.0038841143,0,0.0
2022-02-25,Low,0.9650975,0.029652337,0.005250185,0,0.0
2022-02-28,Low,0.6655759,0.2940507,0.040373396,0,0.0
2022-03-01,Medium,0.37580332,0.5234789,0.10071775,1,0.0
2022-03-02,Low,0.9490521,0.024981596,0.025966248,0,0.0
2022-03-03,Low,0.93166125,0.06678786,0.0015508388,0,0.0
2022-03-04,Low,0.8085307,0.1795931,0.011876219,0,0.0
2022-03-07,Low,0.66728777,0.16139346,0.17131875,0,0.0
2022-03-08,High,0.08443069,0.064805724,0.85076356,2,2.0
2022-03-09,High,0.027838131,0.07198388,0.90017796,2,2.0
2022-03-10,High,0.007125281,0.039997563,0.9528771,2,2.0
2022-03-11,Low,0.82470036,0.09633872,0.07896096,0,0.0
2022-03-14,Low,0.8008359,0.14653274,0.05263136,0,0.0
2022-03-15,Low,0.6127134,0.2947187,0.09256792,0,0.0
2022-03-16,Medium,0.07947338,0.891547,0.028979579,1,1.0
2022-03-17,Medium,0.12376056,0.8682114,0.008028103,1,1.0
2022-03-18,Medium,0.0029229887,0.9262431,0.07083393,1,1.0
2022-03-21,Low,0.7979905,0.085409686,0.116599806,0,0.0
2022-03-22,Low,0.7576535,0.23602168,0.0063248854,0,0.0
2022-03-23,Low,0.7468958,0.2379291,0.015175089,0,0.0
2022-03-24,Low,0.6672566,0.3274797,0.0052636755,0,0.0
2022-03-25,Low,0.9238713,0.07001399,0.0061147725,0,0.0
2022-03-28,Medium,0.2088981,0.78017795,0.010923972,1,1.0
2022-03-29,Medium,0.21336327,0.77442735,0.012209326,1,1.0
2022-03-30,Medium,0.030564068,0.85336226,0.11607369,1,1.0
2022-03-31,Medium,0.0046472116,0.9361975,0.0591553,1,1.0
2022-04-01,Low,0.81650615,0.13080548,0.052688394,0,0.0
2022-04-04,Low,0.82812124,0.053167626,0.11871118,0,0.0
2022-04-05,Low,0.9671202,0.013047272,0.019832551,0,0.0
2022-04-06,Low,0.89319223,0.034846332,0.07196142,0,0.0
2022-04-07,Low,0.83947384,0.02098501,0.13954113,0,0.0
2022-04-08,Low,0.8768318,0.09801646,0.025151707,0,0.0
2022-04-11,Low,0.84158504,0.15524247,0.0031725287,0,0.0
2022-04-12,Low,0.4936526,0.490455,0.015892439,0,1.0
2022-04-13,Low,0.8413652,0.15326358,0.005371207,0,1.0
2022-04-14,Medium,0.017244572,0.9743988,0.008356592,1,1.0
2022-04-15,Low,0.89894146,0.09813955,0.0029190283,0,0.0
2022-04-18,Low,0.9415593,0.0549594,0.0034812754,0,0.0
2022-04-19,Low,0.93277824,0.062940314,0.004281476,0,0.0
2022-04-20,Low,0.72800976,0.21529977,0.056690507,0,0.0
2022-04-21,Low,0.7956322,0.18993394,0.014433827,0,0.0
2022-04-22,Low,0.92904353,0.05140267,0.019553851,0,0.0
2022-04-25,Low,0.9472611,0.040015604,0.012723344,0,0.0
2022-04-26,Low,0.7337809,0.25146902,0.01475005,0,0.0
2022-04-27,Low,0.7231656,0.23257619,0.044258215,0,0.0
2022-04-28,Medium,0.38431364,0.5202883,0.095398046,1,0.0
2022-04-29,Medium,0.23846434,0.44659954,0.3149361,1,0.0
2022-05-02,Low,0.4316826,0.2800534,0.28826395,0,0.0
2022-05-03,Medium,0.2903074,0.6564745,0.053218085,1,1.0
2022-05-04,Low,0.854239,0.05851286,0.08724816,0,1.0
2022-05-05,Medium,0.0049966625,0.9910164,0.003986902,1,1.0
2022-05-06,Low,0.64977115,0.3030136,0.047215268,0,0.0
2022-05-09,Low,0.8005874,0.17853446,0.020878123,0,0.0
2022-05-10,Low,0.7940536,0.18034874,0.025597626,0,0.0
2022-05-11,Low,0.66600317,0.2386887,0.0953081,0,0.0
2022-05-12,Low,0.91222346,0.073105015,0.014671513,0,0.0
2022-05-13,Low,0.5084187,0.47259587,0.018985445,0,0.0
2022-05-16,Medium,0.04783913,0.9242695,0.027891362,1,1.0
2022-05-17,Medium,0.051278543,0.92496854,0.02375289,1,1.0
2022-05-18,Medium,0.010725252,0.63856757,0.3507072,1,1.0
2022-05-19,Medium,0.09569692,0.88807535,0.016227761,1,1.0
2022-05-20,Medium,0.0016622186,0.8460544,0.15228339,1,1.0
2022-05-23,Medium,0.17175089,0.7488334,0.07941569,1,1.0
2022-05-24,Medium,0.008126707,0.73856544,0.25330782,1,1.0
2022-05-25,Medium,0.17628461,0.5083651,0.3153503,1,0.0
2022-05-26,Low,0.8672964,0.08195381,0.05074978,0,0.0
2022-05-27,Low,0.6041787,0.18790323,0.20791802,0,0.0
2022-05-30,Low,0.9140836,0.05244014,0.033476338,0,0.0
2022-05-31,Low,0.8902481,0.09449227,0.015259609,0,0.0
2022-06-01,Low,0.929921,0.05089047,0.019188521,0,1.0
2022-06-02,Medium,0.02413192,0.9727558,0.0031123625,1,1.0
2022-06-03,Medium,0.006072048,0.97680795,0.017119987,1,1.0
2022-06-06,Medium,0.37815696,0.42696652,0.19487657,1,0.0
2022-06-07,Low,0.87394345,0.04484208,0.08121453,0,0.0
2022-06-08,Low,0.7516464,0.23205245,0.016301207,0,0.0
2022-06-09,Low,0.6425206,0.047271576,0.3102078,0,0.0
2022-06-10,Low,0.737456,0.24067506,0.021868955,0,0.0
2022-06-13,Low,0.7783711,0.14908528,0.07254365,0,0.0
2022-06-14,Low,0.45096484,0.31128463,0.23775049,0,0.0
2022-06-15,Medium,0.019840227,0.91463405,0.06552577,1,1.0
2022-06-16,High,0.30995902,0.3410367,0.34900424,2,1.0
2022-06-17,Medium,0.0019603437,0.9884815,0.009558191,1,1.0
2022-06-20,Low,0.5650764,0.19865884,0.23626472,0,0.0
2022-06-21,Medium,0.24370353,0.74806714,0.008229287,1,0.0
2022-06-22,Low,0.76996636,0.22266637,0.0073672873,0,0.0
2022-06-23,Low,0.7402074,0.049808603,0.20998403,0,0.0
2022-06-24,Low,0.78582937,0.19422518,0.019945433,0,0.0
2022-06-27,Low,0.8845417,0.1076033,0.007854978,0,0.0
2022-06-28,Low,0.93476385,0.054993633,0.010242583,0,0.0
2022-06-29,Low,0.57641447,0.2705699,0.15301567,0,0.0
2022-06-30,Medium,0.4591055,0.53113896,0.009755593,1,0.0
2022-07-01,Medium,0.30224866,0.5317186,0.16603272,1,0.0
2022-07-04,Low,0.6395163,0.31967765,0.040806074,0,0.0
2022-07-05,Low,0.62451935,0.3565228,0.018957838,0,0.0
2022-07-06,Low,0.7220743,0.17809662,0.09982913,0,0.0
2022-07-07,Low,0.41180825,0.3156614,0.2725304,0,0.0
2022-07-08,Low,0.46378854,0.41207114,0.12414027,0,0.0
2022-07-11,Medium,0.19750373,0.5770286,0.22546771,1,0.0
2022-07-12,Low,0.6476774,0.27210933,0.08021324,0,0.0
2022-07-13,Low,0.5595434,0.38722765,0.053228933,0,0.0
2022-07-14,Low,0.68911976,0.26584253,0.045037717,0,1.0
2022-07-15,Low,0.5001928,0.33660334,0.16320387,0,1.0
2022-07-18,Medium,0.02274879,0.9636027,0.013648447,1,1.0
2022-07-19,Medium,0.10189912,0.87961215,0.018488683,1,1.0
2022-07-20,High,0.035587925,0.44146094,0.5229511,2,1.0
2022-07-21,Low,0.70498574,0.06653879,0.22847542,0,0.0
2022-07-22,Low,0.52861977,0.43450144,0.036878787,0,0.0
2022-07-25,Low,0.6922271,0.2976981,0.0100748325,0,0.0
2022-07-26,Low,0.5968145,0.38861775,0.014567743,0,1.0
2022-07-27,Medium,0.07777345,0.9108764,0.011350129,1,1.0
2022-07-28,Medium,0.008156763,0.9844379,0.007405317,1,1.0
2022-07-29,Medium,0.20487787,0.78142965,0.013692455,1,0.0
2022-08-01,Medium,0.15681967,0.834523,0.008657265,1,0.0
2022-08-02,Medium,0.3325863,0.6036885,0.06372528,1,0.0
2022-08-03,Medium,0.17316131,0.7998556,0.026983093,1,1.0
2022-08-04,Medium,0.19764782,0.787642,0.014710151,1,1.0
2022-08-05,Medium,0.005528855,0.9852379,0.009233267,1,1.0
2022-08-08,Low,0.53494847,0.28303266,0.18201889,0,0.0
2022-08-09,Medium,0.058338214,0.87060225,0.07105955,1,1.0
2022-08-10,Medium,0.11873432,0.8724303,0.0088353325,1,1.0
2022-08-11,Medium,0.0079849,0.9242827,0.06773238,1,1.0
2022-08-12,Low,0.62154895,0.18759097,0.19086008,0,0.0
2022-08-15,Low,0.75397193,0.036002427,0.21002562,0,0.0
2022-08-16,Low,0.6788216,0.18789189,0.13328652,0,0.0
2022-08-17,High,0.31759202,0.021487854,0.6609201,2,0.0
2022-08-18,Low,0.6959138,0.11120259,0.19288363,0,0.0
2022-08-19,Low,0.7301584,0.14319094,0.12665066,0,0.0
2022-08-22,Low,0.6963841,0.12028668,0.18332925,0,0.0
2022-08-23,Low,0.5559593,0.34979585,0.09424492,0,0.0
2022-08-24,High,0.1751104,0.27599892,0.54889065,2,0.0
2022-08-25,High,0.313444,0.09384031,0.59271574,2,0.0
2022-08-26,Medium,0.19985917,0.78298175,0.01715907,1,1.0
2022-08-29,Medium,0.12257689,0.8360932,0.041329943,1,1.0
2022-08-30,Medium,0.012975691,0.9775958,0.009428437,1,1.0
2022-08-31,Medium,0.29714885,0.4854288,0.21742234,1,0.0
2022-09-01,Medium,0.13064,0.86051357,0.008846402,1,0.0
2022-09-02,Medium,0.06355666,0.92541945,0.011023889,1,0.0
2022-09-05,Medium,0.1298427,0.8566008,0.013556503,1,0.0
2022-09-06,Medium,0.08360908,0.87567234,0.04071861,1,1.0
2022-09-07,Medium,0.07606635,0.91126746,0.012666176,1,1.0
2022-09-08,Medium,0.010896969,0.9802901,0.008812986,1,1.0
2022-09-09,Medium,0.0763199,0.91001153,0.013668566,1,0.0
2022-09-12,High,0.16841017,0.3665066,0.4650832,2,0.0
2022-09-13,High,0.38667148,0.1594684,0.45386013,2,0.0
2022-09-14,Low,0.65648705,0.19878134,0.14473161,0,0.0
2022-09-15,Low,0.75691,0.19301845,0.050071534,0,0.0
2022-09-16,Low,0.74397767,0.14834993,0.1076724,0,0.0
2022-09-19,Low,0.7938951,0.11640609,0.08969878,0,0.0
2022-09-20,Low,0.7575535,0.23080848,0.011638045,0,0.0
2022-09-21,Low,0.70508194,0.25202474,0.042893298,0,0.0
2022-09-22,Low,0.63971156,0.20513421,0.15515421,0,0.0
2022-09-23,High,0.36921704,0.23948862,0.3912944,2,0.0
2022-09-26,Low,0.52783,0.23402713,0.23814291,0,0.0
2022-09-27,Medium,0.105924465,0.8415595,0.05251601,1,1.0
2022-09-28,High,0.20434168,0.118045054,0.6776133,2,2.0
2022-09-29,High,0.0061526685,0.019105585,0.97474176,2,2.0
2022-09-30,High,0.0042093266,0.010962615,0.98482805,2,2.0
2022-10-03,High,0.07279492,0.03029818,0.8969069,2,2.0
2022-10-04,High,0.24337073,0.25290722,0.5037221,2,2.0
2022-10-05,High,0.0090111885,0.024334025,0.9666548,2,2.0
2022-10-06,Low,0.733126,0.18787986,0.07899418,0,0.0
2022-10-07,Low,0.5970858,0.19528566,0.20762855,0,0.0
2022-10-10,Low,0.68797404,0.20922342,0.102802515,0,0.0
2022-10-11,Low,0.6260838,0.26385725,0.11005899,0,0.0
2022-10-12,Low,0.63076955,0.2576386,0.111591816,0,0.0
2022-10-13,Low,0.49573284,0.47574997,0.0285172,0,0.0
2022-10-14,Medium,0.25244898,0.73118675,0.016364262,1,1.0
2022-10-17,Medium,0.13433696,0.8473738,0.018289303,1,1.0
2022-10-18,Medium,0.021412507,0.87663877,0.10194876,1,1.0
2022-10-19,High,0.3253499,0.0456755,0.6289746,2,0.0
2022-10-20,Medium,0.3048813,0.48993665,0.20518205,1,1.0
2022-10-21,Medium,0.05195553,0.9303268,0.017717704,1,1.0
2022-10-24,Medium,0.0076695983,0.9819001,0.010430355,1,1.0
2022-10-25,High,0.10781574,0.11026871,0.78191555,2,2.0
2022-10-26,High,0.02472403,0.3678731,0.60740286,2,2.0
2022-10-27,High,0.010264236,0.024586895,0.96514887,2,2.0
2022-10-28,Low,0.63680583,0.046842184,0.31635198,0,0.0
2022-10-31,Low,0.7298605,0.18302007,0.08711938,0,0.0
2022-11-01,Low,0.76198083,0.07208822,0.16593099,0,0.0
2022-11-02,Low,0.78150177,0.13437054,0.08412766,0,0.0
2022-11-03,Low,0.54133034,0.28181228,0.17685735,0,2.0
2022-11-04,Low,0.5825308,0.33021948,0.087249726,0,2.0
2022-11-07,High,0.0053948276,0.011653716,0.98295146,2,2.0
2022-11-08,High,0.012209595,0.08280263,0.9049878,2,1.0
2022-11-09,High,0.01783059,0.10890651,0.8732629,2,2.0
2022-11-10,High,0.11233779,0.06298677,0.8246754,2,2.0
2022-11-11,High,0.005075389,0.010913687,0.984011,2,2.0
2022-11-14,High,0.0054744175,0.012894834,0.98163074,2,2.0
2022-11-15,Low,0.3832583,0.36287984,0.2538618,0,0.0
2022-11-16,Low,0.44243768,0.31793714,0.23962517,0,0.0
2022-11-17,Low,0.62479883,0.20911966,0.16608146,0,0.0
2022-11-18,Low,0.78920937,0.18549366,0.02529699,0,0.0
2022-11-21,Low,0.5588279,0.41363034,0.027541801,0,1.0
2022-11-22,Low,0.50121015,0.39608756,0.10270227,0,1.0
2022-11-23,Medium,0.05970756,0.6374425,0.30284992,1,1.0
2022-11-24,Medium,0.04121368,0.49467835,0.46410793,1,1.0
2022-11-25,Low,0.5857013,0.13238098,0.28191775,0,0.0
2022-11-28,Low,0.5856504,0.17403957,0.24031004,0,0.0
2022-11-29,Medium,0.16287139,0.7734944,0.06363418,1,1.0
2022-11-30,Medium,0.22461356,0.75923705,0.01614939,1,1.0
2022-12-01,Medium,0.06463021,0.86555845,0.069811314,1,1.0
2022-12-02,High,0.022530448,0.16173145,0.81573814,2,1.0
2022-12-05,Low,0.5776859,0.21286432,0.20944975,0,0.0
2022-12-06,High,0.26164547,0.046594433,0.6917601,2,0.0
2022-12-07,Medium,0.320192,0.41419637,0.26561156,1,0.0
2022-12-08,Low,0.64666647,0.34183705,0.01149649,0,0.0
2022-12-09,Medium,0.44026586,0.5465317,0.013202444,1,0.0
2022-12-12,Medium,0.05453128,0.9419822,0.0034864447,1,1.0
2022-12-13,Medium,0.07695636,0.9007432,0.022300445,1,1.0
2022-12-14,Medium,0.0085444,0.9711801,0.02027553,1,1.0
2022-12-15,Medium,0.25241193,0.570056,0.17753202,1,0.0
2022-12-16,Low,0.70394844,0.26230592,0.03374568,0,0.0
2022-12-19,Medium,0.11241753,0.85571986,0.031862628,1,0.0
2022-12-20,Low,0.8236198,0.15679304,0.01958716,0,0.0
2022-12-21,Low,0.47489575,0.06410209,0.46100217,0,0.0
2022-12-22,Low,0.80701464,0.07975434,0.11323106,0,0.0
2022-12-23,Low,0.7494776,0.17661849,0.07390384,0,0.0
2022-12-26,Low,0.5880573,0.39320686,0.018735906,0,0.0
2022-12-27,Low,0.9103846,0.0710284,0.018586993,0,0.0
2022-12-28,Medium,0.29751748,0.63732827,0.06515426,1,0.0
2022-12-29,Low,0.71525073,0.12661092,0.15813832,0,0.0
2022-12-30,Low,0.87449497,0.11175884,0.013746221,0,0.0
2023-01-02,Medium,0.3229379,0.6598128,0.017249284,1,0.0
2023-01-03,Low,0.77849275,0.16190282,0.059604466,0,0.0
2023-01-04,Low,0.8247106,0.07530776,0.09998169,0,0.0
2023-01-05,High,0.07422268,0.020692943,0.9050844,2,2.0
2023-01-06,High,0.3945043,0.15538177,0.45011395,2,2.0
2023-01-09,High,0.009800059,0.03286289,0.957337,2,2.0
2023-01-10,Medium,0.011822065,0.6905664,0.2976115,1,1.0
2023-01-11,Medium,0.04415696,0.91039526,0.045447793,1,1.0
2023-01-12,Medium,0.020784613,0.9425222,0.03669319,1,1.0
2023-01-13,Medium,0.008630819,0.8257023,0.16566688,1,1.0
2023-01-16,Low,0.872329,0.086272456,0.04139849,0,0.0
2023-01-17,Low,0.87196416,0.10270682,0.025329,0,0.0
2023-01-18,Low,0.49541882,0.42702878,0.077552356,0,0.0
2023-01-19,Low,0.8242567,0.066181496,0.10956183,0,0.0
2023-01-20,Low,0.9423488,0.0402185,0.017432755,0,0.0
2023-01-23,Low,0.8862346,0.09329951,0.020465944,0,0.0
2023-01-24,Low,0.6831948,0.30304796,0.01375726,0,0.0
2023-01-25,Low,0.47486806,0.23842847,0.2867035,0,0.0
2023-01-26,Low,0.90395766,0.08333907,0.0127031915,0,0.0
2023-01-27,Low,0.7653876,0.14630228,0.08831013,0,0.0
2023-01-30,Low,0.75587386,0.14778979,0.096336305,0,0.0
2023-01-31,High,0.17097789,0.09293676,0.73608536,2,2.0
2023-02-01,High,0.101570874,0.09240236,0.80602676,2,2.0
2023-02-02,High,0.0020262415,0.022162318,0.9758114,2,2.0
2023-02-03,Low,0.89476216,0.025279442,0.07995847,0,0.0
2023-02-06,Low,0.93323576,0.034277648,0.032486603,0,0.0
2023-02-07,Low,0.73597187,0.14926638,0.114761755,0,0.0
2023-02-08,Medium,0.39339513,0.41132993,0.195275,1,0.0
2023-02-09,Low,0.7462956,0.05167368,0.2020307,0,0.0
2023-02-10,Medium,0.3927315,0.57292324,0.034345254,1,0.0
2023-02-13,Low,0.76198494,0.20514758,0.032867458,0,0.0
2023-02-14,Low,0.6477044,0.3143385,0.037957024,0,0.0
2023-02-15,Low,0.6426818,0.150802,0.20651619,0,0.0
2023-02-16,Low,0.6449034,0.31414327,0.040953353,0,0.0
2023-02-17,Low,0.9226702,0.06287029,0.014459585,0,0.0
2023-02-20,Low,0.89654505,0.06298559,0.04046932,0,0.0
2023-02-21,Low,0.90667665,0.040988926,0.052334346,0,0.0
2023-02-22,Low,0.698563,0.23374678,0.06769025,0,0.0
2023-02-23,Low,0.90063864,0.08781441,0.011546917,0,0.0
2023-02-24,Low,0.6142601,0.37573257,0.010007348,0,0.0
2023-02-27,Low,0.6189819,0.37011546,0.010902671,0,0.0
2023-02-28,Medium,0.1179547,0.8705057,0.011539663,1,1.0
2023-03-01,Low,0.9078189,0.055829655,0.03635149,0,1.0
2023-03-02,Medium,0.0034352948,0.9928948,0.003669829,1,1.0
2023-03-03,Low,0.8265665,0.13741577,0.03601774,0,0.0
2023-03-06,Low,0.56759804,0.21020505,0.22219686,0,0.0
2023-03-07,Low,0.7260851,0.16610986,0.10780501,0,0.0
2023-03-08,Low,0.7112463,0.15312886,0.13562486,0,0.0
2023-03-09,Medium,0.18477015,0.73052096,0.08470887,1,1.0
2023-03-10,High,0.13380566,0.27125096,0.5949434,2,1.0
2023-03-13,Medium,0.0047088624,0.8004074,0.1948838,1,1.0
2023-03-14,High,0.107673205,0.33340436,0.5589224,2,0.0
2023-03-15,High,0.23300377,0.3059825,0.4610137,2,0.0
2023-03-16,Low,0.6844243,0.10726845,0.20830722,0,0.0
2023-03-17,High,0.15274337,0.2232493,0.62400734,2,0.0
2023-03-20,High,0.17399941,0.24055396,0.58544666,2,0.0
2023-03-21,Medium,0.13560992,0.46650815,0.39788187,1,1.0
2023-03-22,Medium,0.030732667,0.9345015,0.034765843,1,1.0
2023-03-23,Medium,0.0045138225,0.8782586,0.11722763,1,1.0
2023-03-24,Low,0.78527725,0.091496214,0.12322658,0,0.0
2023-03-27,High,0.35180342,0.1527334,0.4954632,2,0.0
2023-03-28,Low,0.66685575,0.3195457,0.0135985445,0,0.0
2023-03-29,Low,0.8289408,0.14783463,0.02322458,0,0.0
2023-03-30,Low,0.86672604,0.062002104,0.07127186,0,0.0
2023-03-31,Medium,0.04979294,0.91477835,0.035428695,1,1.0
2023-04-03,Medium,0.07089198,0.90523076,0.02387726,1,1.0
2023-04-04,Medium,0.0023112453,0.99123657,0.006452188,1,1.0
2023-04-05,Low,0.51294416,0.40758237,0.079473436,0,0.0
2023-04-06,Low,0.7688663,0.07143309,0.15970062,0,0.0
2023-04-07,Low,0.6954141,0.1268136,0.17777227,0,0.0
2023-04-10,Low,0.3656107,0.32591742,0.30847195,0,0.0
2023-04-11,Medium,0.08347579,0.86549145,0.051032767,1,1.0
2023-04-12,Medium,0.23201871,0.70388234,0.06409895,1,1.0
2023-04-13,Medium,0.003103688,0.9927417,0.0041546235,1,1.0
2023-04-14,Medium,0.3463733,0.5022034,0.1514233,1,0.0
2023-04-17,Low,0.9211302,0.00937981,0.06948998,0,0.0
2023-04-18,Low,0.81714296,0.09070598,0.09215103,0,0.0
2023-04-19,Low,0.5925509,0.38711715,0.020331953,0,0.0
2023-04-20,Low,0.6602857,0.19675022,0.14296408,0,0.0
2023-04-21,Low,0.8320333,0.16466501,0.0033016899,0,0.0
2023-04-24,Low,0.6254417,0.31630826,0.058250085,0,0.0
2023-04-25,Medium,0.083039686,0.9005775,0.016382802,1,1.0
2023-04-26,Medium,0.12914117,0.8641581,0.0067007123,1,1.0
2023-04-27,Medium,0.002533129,0.9924517,0.0050151073,1,1.0
2023-04-28,Low,0.8178873,0.17965756,0.0024551644,0,0.0
2023-05-01,Low,0.6427017,0.344339,0.01295929,0,0.0
2023-05-02,Low,0.92857814,0.061404686,0.010017111,0,0.0
2023-05-03,Low,0.66176957,0.32693973,0.0112907095,0,0.0
2023-05-04,Medium,0.42552605,0.5540641,0.020409819,1,0.0
2023-05-05,Low,0.85083485,0.14204612,0.0071190726,0,0.0
2023-05-08,Low,0.9103306,0.08665855,0.0030109142,0,0.0
2023-05-09,Low,0.9296986,0.0628498,0.0074515813,0,0.0
2023-05-10,Low,0.8504417,0.14195113,0.007607201,0,0.0
2023-05-11,Low,0.85240716,0.13990836,0.007684475,0,0.0
2023-05-12,Low,0.95790964,0.03318084,0.0089095095,0,0.0
2023-05-15,Low,0.9381696,0.029449532,0.03238081,0,0.0
2023-05-16,Low,0.85044265,0.11551689,0.034040485,0,0.0
2023-05-17,Low,0.946919,0.03108647,0.021994505,0,0.0
2023-05-18,Low,0.84834737,0.14923008,0.0024225765,0,0.0
2023-05-19,Low,0.83166283,0.16488297,0.0034541902,0,0.0
2023-05-22,Low,0.7870759,0.20849428,0.0044298526,0,0.0
2023-05-23,Low,0.8119194,0.1349966,0.05308406,0,0.0
2023-05-24,Low,0.92377037,0.0695921,0.0066375,0,0.0
2023-05-25,Low,0.9577601,0.03620648,0.0060334383,0,0.0
2023-05-26,Low,0.93166375,0.06268937,0.0056469524,0,0.0
2023-05-29,Low,0.94365734,0.050556842,0.005785827,0,0.0
2023-05-30,Low,0.956879,0.034474265,0.008646775,0,0.0
2023-05-31,Low,0.9433633,0.046975356,0.009661333,0,0.0
2023-06-01,Low,0.84567285,0.1366393,0.017687833,0,0.0
2023-06-02,Low,0.50671315,0.4455077,0.047779124,0,0.0
2023-06-05,Low,0.7985338,0.17210515,0.029360997,0,0.0
2023-06-06,Low,0.81819135,0.14416014,0.037648592,0,0.0
2023-06-07,Medium,0.23280826,0.7488852,0.018306468,1,1.0
2023-06-08,Medium,0.19162193,0.79513866,0.013239439,1,1.0
2023-06-09,Medium,0.0037743298,0.9817083,0.014517399,1,1.0
2023-06-12,Low,0.83074445,0.027210532,0.142045,0,0.0
2023-06-13,Low,0.852131,0.1104612,0.037407715,0,0.0
2023-06-14,Medium,0.102676526,0.8831633,0.014160174,1,1.0
2023-06-15,Low,0.60600525,0.35266936,0.041325394,0,1.0
2023-06-16,Medium,0.0030296852,0.93718344,0.059786905,1,1.0
2023-06-19,Medium,0.40527073,0.4756918,0.11903751,1,0.0
2023-06-20,Low,0.67795205,0.07367546,0.24837244,0,1.0
2023-06-21,Medium,0.13566525,0.8561141,0.008220654,1,1.0
2023-06-22,Medium,0.032170095,0.8952421,0.072587855,1,1.0
2023-06-23,Low,0.72616017,0.2476324,0.026207402,0,0.0
2023-06-26,Medium,0.41226315,0.52081174,0.06692513,1,0.0
2023-06-27,Medium,0.28998333,0.66105694,0.048959743,1,0.0
2023-06-28,Low,0.8589604,0.123986766,0.017052883,0,0.0
2023-06-29,Low,0.847581,0.13186058,0.020558326,0,0.0
2023-06-30,Low,0.9126377,0.07512288,0.01223941,0,0.0
2023-07-03,Low,0.93882346,0.04918982,0.011986757,0,0.0
2023-07-04,Low,0.7852634,0.19042312,0.024313418,0,0.0
2023-07-05,Low,0.9020826,0.08252497,0.015392348,0,0.0
2023-07-06,Low,0.88583595,0.10918335,0.004980637,0,1.0
2023-07-07,Medium,0.17151436,0.8235444,0.0049413247,1,1.0
2023-07-10,Medium,0.013168644,0.96923435,0.017597057,1,1.0
2023-07-11,High,0.06753219,0.029115308,0.9033525,2,2.0
2023-07-12,High,0.11689839,0.02209146,0.8610102,2,2.0
2023-07-13,High,0.009064011,0.0442129,0.94672316,2,2.0
2023-07-14,Medium,0.0049302178,0.9467801,0.04828965,1,1.0
2023-07-17,Low,0.6972492,0.22704728,0.075703576,0,0.0
2023-07-18,Low,0.8105322,0.13247977,0.05698801,0,0.0
2023-07-19,Low,0.9260126,0.06949293,0.0044944566,0,0.0
2023-07-20,Low,0.8942874,0.093985,0.011727623,0,0.0
2023-07-21,Low,0.8877302,0.10187165,0.0103981625,0,0.0
2023-07-24,Low,0.6621,0.32908043,0.008819521,0,0.0
2023-07-25,Low,0.7888836,0.18359117,0.027525237,0,0.0
2023-07-26,Low,0.5188111,0.45889747,0.022291442,0,0.0
2023-07-27,Low,0.95767856,0.037213407,0.005108037,0,0.0
2023-07-28,Low,0.8483728,0.13735941,0.014267783,0,0.0
2023-07-31,Low,0.91484,0.07837509,0.0067849117,0,0.0
2023-08-01,Low,0.91696554,0.076594055,0.0064404327,0,0.0
2023-08-02,Low,0.913733,0.076081775,0.010185197,0,0.0
2023-08-03,Low,0.96507937,0.030852968,0.004067701,0,0.0
2023-08-04,Low,0.87939835,0.11684996,0.003751734,0,0.0
2023-08-07,Low,0.8484231,0.1469774,0.0045994683,0,0.0
2023-08-08,Low,0.8247499,0.1658745,0.009375617,0,0.0
2023-08-09,Low,0.92273086,0.0728164,0.004452742,0,0.0
2023-08-10,Low,0.86480725,0.12907319,0.006119496,0,0.0
2023-08-11,Low,0.9034235,0.089010045,0.0075664977,0,0.0
2023-08-14,Low,0.94997287,0.04714292,0.0028842248,0,0.0
2023-08-15,Low,0.8588048,0.13780594,0.0033892207,0,0.0
2023-08-16,Low,0.94168246,0.051779028,0.006538476,0,0.0
2023-08-17,Low,0.9258324,0.07216877,0.0019988301,0,0.0
2023-08-18,Low,0.9459626,0.04981592,0.0042214976,0,0.0
2023-08-21,Low,0.885268,0.10750237,0.007229716,0,0.0
2023-08-22,Low,0.8641203,0.12476335,0.011116273,0,0.0
2023-08-23,Low,0.8955323,0.09916359,0.005304047,0,0.0
2023-08-24,Low,0.88447356,0.109180205,0.0063462043,0,0.0
2023-08-25,Low,0.9410418,0.054661524,0.0042966683,0,0.0
2023-08-28,Low,0.8817692,0.1143566,0.0038742195,0,0.0
2023-08-29,Low,0.73160136,0.26408106,0.0043175905,0,0.0
2023-08-30,Medium,0.33382007,0.6616315,0.004548398,1,0.0
2023-08-31,Low,0.51049685,0.36191574,0.1275874,0,0.0
2023-09-01,Low,0.8816713,0.069602385,0.04872628,0,0.0
2023-09-04,Low,0.89901036,0.07373707,0.02725263,0,0.0
2023-09-05,Low,0.5239673,0.13554227,0.3404904,0,0.0
2023-09-06,Low,0.8561097,0.08920117,0.054689128,0,0.0
2023-09-07,Low,0.76440525,0.21434474,0.02124998,0,0.0
2023-09-08,Low,0.77746034,0.20053737,0.022002332,0,0.0
2023-09-11,Low,0.69316834,0.2685001,0.03833157,0,0.0
2023-09-12,Low,0.8100771,0.16815455,0.021768393,0,0.0
2023-09-13,Medium,0.42210147,0.45330408,0.12459446,1,0.0
2023-09-14,Low,0.637414,0.3400489,0.022537109,0,0.0
2023-09-15,Low,0.8408241,0.13580549,0.023370445,0,0.0
2023-09-18,Low,0.7155776,0.1191371,0.1652853,0,0.0
2023-09-19,Low,0.632476,0.10659976,0.26092425,0,0.0
2023-09-20,Low,0.87387,0.0567767,0.06935326,0,0.0
2023-09-21,Low,0.9395898,0.04610526,0.014304983,0,0.0
2023-09-22,Low,0.786497,0.18209772,0.031405292,0,0.0
2023-09-25,Low,0.8538702,0.06850451,0.07762526,0,0.0
2023-09-26,Low,0.877721,0.115840495,0.0064384346,0,0.0
2023-09-27,Low,0.8795297,0.10290771,0.017562551,0,0.0
2023-09-28,Low,0.64622724,0.27477586,0.078996904,0,0.0
2023-09-29,Low,0.5499021,0.2673249,0.18277301,0,0.0
2023-10-02,Low,0.56157964,0.084203705,0.35421664,0,0.0
2023-10-03,Low,0.70324075,0.26906213,0.027697112,0,0.0
2023-10-04,Low,0.7998042,0.19287013,0.0073256604,0,0.0
2023-10-05,Low,0.8034391,0.18620768,0.010353243,0,0.0
2023-10-06,Medium,0.3813552,0.5988627,0.019782163,1,0.0
2023-10-09,Medium,0.3754063,0.5931965,0.0313972,1,0.0
2023-10-10,Low,0.7479929,0.23523521,0.016771903,0,0.0
2023-10-11,Medium,0.45080286,0.5390428,0.010154384,1,0.0
2023-10-12,Medium,0.19805524,0.7927319,0.009212888,1,0.0
2023-10-13,Medium,0.42731375,0.5223374,0.05034888,1,0.0
2023-10-16,Low,0.54161936,0.41947243,0.038908243,0,0.0
2023-10-17,Medium,0.18566145,0.7976022,0.016736373,1,0.0
2023-10-18,Low,0.8469326,0.11301322,0.040054154,0,0.0
2023-10-19,Low,0.9225297,0.054958925,0.022511393,0,0.0
2023-10-20,Medium,0.10600529,0.8861987,0.00779599,1,1.0
2023-10-23,Low,0.81653214,0.16951807,0.013949741,0,1.0
2023-10-24,Medium,0.02213015,0.90876734,0.06910252,1,1.0
2023-10-25,Low,0.7726001,0.0737255,0.15367441,0,0.0
2023-10-26,Low,0.80031484,0.048901655,0.15078346,0,0.0
2023-10-27,Low,0.7933776,0.13082427,0.07579817,0,0.0
2023-10-30,Low,0.75476253,0.19006942,0.055168048,0,0.0
2023-10-31,Medium,0.41689658,0.56568986,0.017413568,1,0.0
2023-11-01,Low,0.79646933,0.10947522,0.09405543,0,0.0
2023-11-02,Low,0.73799735,0.23135473,0.030647919,0,1.0
2023-11-03,Medium,0.121098734,0.8640002,0.014901131,1,1.0
2023-11-06,High,0.013343165,0.1930305,0.7936263,2,1.0
2023-11-07,Low,0.6049446,0.054109473,0.34094593,0,0.0
2023-11-08,Low,0.7420007,0.1301018,0.12789747,0,0.0
2023-11-09,Low,0.61475235,0.25540408,0.12984355,0,0.0
2023-11-10,Medium,0.32921296,0.42354912,0.24723789,1,0.0
2023-11-13,High,0.12769145,0.04072317,0.83158535,2,2.0
2023-11-14,Low,0.9212541,0.06694332,0.011802598,0,2.0
2023-11-15,High,0.0068588713,0.03342114,0.95971996,2,2.0
2023-11-16,Medium,0.31305313,0.42106092,0.26588595,1,0.0
2023-11-17,Low,0.5449833,0.20705917,0.24795751,0,0.0
2023-11-20,Low,0.53012305,0.28835198,0.18152495,0,0.0
2023-11-21,Low,0.863096,0.12405535,0.012848605,0,0.0
2023-11-22,Low,0.91136974,0.04682515,0.041805148,0,0.0
2023-11-23,Low,0.81545454,0.048541516,0.1360039,0,0.0
2023-11-24,Low,0.6500034,0.11026282,0.23973382,0,0.0
2023-11-27,Low,0.9227967,0.0629262,0.014277065,0,0.0
2023-11-28,Low,0.8543144,0.12541573,0.020269861,0,0.0
2023-11-29,Low,0.66499466,0.296062,0.03894334,0,0.0
2023-11-30,Low,0.94579005,0.042024214,0.012185798,0,0.0
2023-12-01,Low,0.8903725,0.10180776,0.007819713,0,0.0
2023-12-04,Low,0.856687,0.1345084,0.008804587,0,0.0
2023-12-05,Low,0.91455233,0.0553424,0.030105244,0,0.0
2023-12-06,Low,0.899147,0.07850704,0.022345996,0,0.0
2023-12-07,Low,0.8951068,0.09009738,0.014795802,0,0.0
2023-12-08,Low,0.7793505,0.17967212,0.04097733,0,0.0
2023-12-11,Low,0.8413021,0.14394705,0.014750841,0,0.0
2023-12-12,Medium,0.1668543,0.8153395,0.017806256,1,1.0
2023-12-13,Medium,0.12281456,0.8645807,0.0126047805,1,1.0
2023-12-14,Medium,0.0022452713,0.9926684,0.0050863554,1,1.0
2023-12-15,Medium,0.004717579,0.896785,0.09849735,1,1.0
2023-12-18,Low,0.9010566,0.024271252,0.07467221,0,0.0
2023-12-19,Low,0.6362319,0.04473913,0.319029,0,0.0
2023-12-20,Medium,0.31793818,0.66259444,0.019467393,1,0.0
2023-12-21,Low,0.88792235,0.10799237,0.0040853205,0,0.0
2023-12-22,Low,0.6603994,0.32493302,0.014667597,0,0.0
2023-12-25,Low,0.83248854,0.16171429,0.005797181,0,0.0
2023-12-26,Low,0.7551153,0.23937458,0.0055101602,0,0.0
2023-12-27,Low,0.7146428,0.27651492,0.008842275,0,0.0
2023-12-28,Medium,0.2813041,0.6864483,0.032247595,1,0.0
2023-12-29,Low,0.95099616,0.041227467,0.007776326,0,0.0
2024-01-01,Low,0.97270614,0.018616483,0.008677398,0,0.0
2024-01-02,Low,0.8055447,0.15448399,0.03997133,0,0.0
2024-01-03,Low,0.92252356,0.0600343,0.01744211,0,0.0
2024-01-04,Low,0.8991885,0.052414488,0.048397005,0,0.0
2024-01-05,Low,0.8498375,0.13529323,0.014869322,0,0.0
2024-01-08,Low,0.8294844,0.1603899,0.010125702,0,0.0
2024-01-09,Low,0.8109022,0.16078351,0.028314294,0,0.0
2024-01-10,Low,0.90308446,0.08784031,0.009075212,0,0.0
2024-01-11,Low,0.92295855,0.0674683,0.009573126,0,0.0
2024-01-12,Low,0.89106596,0.10223738,0.0066966377,0,0.0
2024-01-15,Low,0.90340203,0.09209527,0.0045027197,0,0.0
2024-01-16,Low,0.8953589,0.0988139,0.005827212,0,0.0
2024-01-17,Low,0.98456776,0.012517082,0.002915096,0,0.0
2024-01-18,Low,0.88590574,0.10742123,0.0066730245,0,0.0
2024-01-19,Low,0.8281429,0.16988827,0.0019687954,0,0.0
2024-01-22,Low,0.5187104,0.47816178,0.0031277926,0,0.0
2024-01-23,Low,0.82811123,0.16310276,0.008785965,0,0.0
2024-01-24,Low,0.8296679,0.16142124,0.008910868,0,0.0
2024-01-25,Low,0.78721565,0.19921067,0.013573662,0,0.0
2024-01-26,Low,0.8385061,0.15438631,0.007107566,0,0.0
2024-01-29,Low,0.66993797,0.31676143,0.013300601,0,0.0
2024-01-30,Low,0.59370464,0.40039882,0.0058965543,0,0.0
2024-01-31,Low,0.55376756,0.42945373,0.016778702,0,1.0
2024-02-01,Medium,0.13126683,0.8583468,0.010386373,1,1.0
2024-02-02,Medium,0.023491066,0.96097684,0.015532123,1,1.0
2024-02-05,Low,0.9158812,0.07431522,0.009803628,0,0.0
2024-02-06,Low,0.82821,0.15049419,0.021295806,0,0.0
2024-02-07,Low,0.56385696,0.3478767,0.08826639,0,0.0
2024-02-08,Low,0.5247294,0.30848232,0.16678834,0,0.0
2024-02-09,Low,0.6071169,0.29457256,0.09831057,0,0.0
2024-02-12,Low,0.612556,0.3427815,0.044662517,0,0.0
2024-02-13,Low,0.8720874,0.08705207,0.040860564,0,0.0
2024-02-14,Low,0.9494389,0.03928135,0.011279775,0,0.0
2024-02-15,Low,0.89734334,0.07754159,0.025115032,0,0.0
2024-02-16,Low,0.8175716,0.12978564,0.052642748,0,0.0
2024-02-19,Low,0.78027606,0.14090525,0.07881872,0,0.0
2024-02-20,Low,0.879046,0.053215176,0.06773884,0,0.0
2024-02-21,Low,0.83817726,0.14459334,0.017229352,0,0.0
2024-02-22,Low,0.8375809,0.10527377,0.057145294,0,0.0
2024-02-23,Low,0.94861907,0.045192778,0.00618813,0,0.0
2024-02-26,Low,0.91121364,0.081358045,0.0074283574,0,0.0
2024-02-27,Low,0.92309517,0.06774654,0.009158269,0,0.0
2024-02-28,Low,0.891454,0.065950185,0.042595804,0,0.0
2024-02-29,Low,0.88476294,0.05980371,0.055433325,0,0.0
2024-03-01,Low,0.8282255,0.15254742,0.019227058,0,0.0
2024-03-04,Low,0.91815877,0.07266974,0.009171479,0,0.0
2024-03-05,Low,0.903264,0.08223692,0.014499063,0,0.0
2024-03-06,Low,0.90273255,0.07268177,0.024585703,0,0.0
2024-03-07,Low,0.797541,0.17959467,0.02286433,0,0.0
2024-03-08,Low,0.8913882,0.043684147,0.06492767,0,0.0
2024-03-11,Low,0.8200282,0.14709638,0.032875393,0,0.0
2024-03-12,Low,0.7437049,0.07462309,0.18167192,0,0.0
2024-03-13,Low,0.85863507,0.09730148,0.044063438,0,0.0
2024-03-14,Low,0.8531947,0.1330709,0.013734362,0,0.0
2024-03-15,Low,0.80807585,0.18210325,0.00982086,0,0.0
2024-03-18,Low,0.8267905,0.12519994,0.048009526,0,0.0
2024-03-19,Low,0.7899185,0.2002705,0.009811034,0,1.0
2024-03-20,Medium,0.27503368,0.718841,0.0061252792,1,1.0
2024-03-21,Medium,0.010967875,0.982749,0.0062830765,1,1.0
2024-03-22,Low,0.95196164,0.041065894,0.0069724354,0,0.0
2024-03-25,Low,0.9320097,0.057019092,0.010971237,0,0.0
2024-03-26,Low,0.553385,0.42878753,0.017827483,0,0.0
2024-03-27,Low,0.8613795,0.08313111,0.05548936,0,0.0
2024-03-28,Low,0.6494644,0.340188,0.0103475815,0,0.0
2024-03-29,Low,0.6718516,0.31690168,0.011246741,0,0.0
2024-04-01,Low,0.62210387,0.36591476,0.01198134,0,0.0
2024-04-02,Medium,0.36424604,0.623397,0.012356926,1,1.0
2024-04-03,Medium,0.15831184,0.8300268,0.011661343,1,1.0
2024-04-04,Medium,0.0032469458,0.9923529,0.0044001387,1,1.0
2024-04-05,Low,0.66277415,0.26715583,0.070070006,0,0.0
2024-04-08,Low,0.80776227,0.1047547,0.087483,0,0.0
2024-04-09,Low,0.71053094,0.24827039,0.041198626,0,0.0
2024-04-10,Low,0.84649014,0.1068885,0.04662136,0,0.0
2024-04-11,Low,0.8381266,0.11751057,0.04436278,0,0.0
2024-04-12,Low,0.6104798,0.20425142,0.18526882,0,0.0
2024-04-15,Low,0.899537,0.035525095,0.064937875,0,0.0
2024-04-16,Low,0.80605596,0.08175842,0.112185635,0,0.0
2024-04-17,Low,0.8875536,0.08717927,0.025267186,0,0.0
2024-04-18,Low,0.71123374,0.27441993,0.0143463025,0,0.0
2024-04-19,Low,0.93447393,0.034673296,0.030852772,0,0.0
2024-04-22,Low,0.9450907,0.045238778,0.009670499,0,0.0
2024-04-23,Low,0.87509936,0.025543084,0.09935755,0,0.0
2024-04-24,Low,0.81267864,0.09020058,0.097120784,0,0.0
2024-04-25,Low,0.85178787,0.10908417,0.03912796,0,0.0
2024-04-26,Low,0.5418103,0.44352627,0.014663494,0,0.0
2024-04-29,Low,0.7122342,0.07428324,0.2134826,0,0.0
2024-04-30,Low,0.8739302,0.09655493,0.029514885,0,0.0
2024-05-01,Low,0.7631159,0.21382031,0.023063758,0,0.0
2024-05-02,Low,0.71467066,0.26336604,0.021963267,0,0.0
2024-05-03,Low,0.7609153,0.22410746,0.014977239,0,0.0
2024-05-06,Medium,0.3661247,0.61407804,0.01979727,1,0.0
2024-05-07,Low,0.69537514,0.1782432,0.12638162,0,0.0
2024-05-08,Low,0.87752545,0.06574151,0.05673304,0,0.0
2024-05-09,Low,0.81393486,0.14986488,0.0362003,0,0.0
2024-05-10,Low,0.9512232,0.029428188,0.019348627,0,0.0
2024-05-13,Low,0.87514454,0.025303243,0.09955217,0,0.0
2024-05-14,Low,0.83111805,0.07950765,0.0893743,0,1.0
2024-05-15,Low,0.70079935,0.24228717,0.0569135,0,1.0
2024-05-16,Medium,0.002179514,0.9814509,0.016369537,1,1.0
2024-05-17,Low,0.88705117,0.040426854,0.072522014,0,0.0
2024-05-20,Low,0.89372164,0.072630875,0.033647515,0,0.0
2024-05-21,Low,0.9008502,0.094079554,0.0050702165,0,0.0
2024-05-22,Low,0.793542,0.11044896,0.09600906,0,0.0
2024-05-23,Low,0.91006327,0.054920774,0.035015974,0,0.0
2024-05-24,Low,0.60014445,0.28994173,0.10991387,0,0.0
2024-05-27,Low,0.90036947,0.081328645,0.018301912,0,0.0
2024-05-28,Low,0.8852003,0.106355354,0.008444276,0,0.0
2024-05-29,Low,0.9554801,0.02720438,0.017315457,0,0.0
2024-05-30,Low,0.9495571,0.042246953,0.008195903,0,0.0
2024-05-31,Low,0.7739957,0.21812429,0.007879967,0,0.0
2024-06-03,Low,0.78755313,0.19720979,0.015237059,0,0.0
2024-06-04,Low,0.7905931,0.18371513,0.02569173,0,0.0
2024-06-05,Low,0.9044706,0.06203446,0.033494893,0,0.0
2024-06-06,Low,0.65749335,0.32504386,0.017462768,0,0.0
2024-06-07,Low,0.8155266,0.1755038,0.008969527,0,0.0
2024-06-10,Low,0.8838635,0.09107883,0.025057698,0,0.0
2024-06-11,Medium,0.119858555,0.845065,0.035076477,1,1.0
2024-06-12,Medium,0.3069393,0.5532618,0.13979888,1,1.0
2024-06-13,High,0.026564062,0.41555217,0.5578838,2,1.0
2024-06-14,Low,0.9467329,0.040338237,0.012928906,0,0.0
2024-06-17,Low,0.9159319,0.039647378,0.04442078,0,0.0
2024-06-18,Low,0.8436368,0.103379,0.05298415,0,0.0
2024-06-19,Low,0.8768632,0.08344121,0.039695665,0,0.0
2024-06-20,Low,0.78590834,0.11950697,0.0945847,0,0.0
2024-06-21,Low,0.50359994,0.44431204,0.052088007,0,0.0
2024-06-24,Low,0.85524935,0.1264136,0.018337093,0,0.0
2024-06-25,Low,0.79179955,0.19599621,0.012204205,0,0.0
2024-06-26,Low,0.6878755,0.27420813,0.037916366,0,0.0
2024-06-27,Low,0.90802044,0.053672798,0.038306765,0,0.0
2024-06-28,Low,0.94146365,0.048569866,0.009966471,0,0.0
2024-07-01,Low,0.6858746,0.28373003,0.030395368,0,0.0
2024-07-02,Low,0.70700955,0.26259935,0.030391125,0,0.0
2024-07-03,Low,0.87605274,0.04272342,0.081223845,0,0.0
2024-07-04,Low,0.9102102,0.06889533,0.020894466,0,0.0
2024-07-05,Low,0.7114282,0.25228968,0.036282092,0,0.0
2024-07-08,Low,0.7950147,0.1324055,0.07257975,0,0.0
2024-07-09,Low,0.69625,0.25695866,0.046791356,0,0.0
2024-07-10,Low,0.9233254,0.020305814,0.056368794,0,0.0
2024-07-11,Low,0.93854445,0.044258233,0.017197333,0,0.0
2024-07-12,Low,0.9787228,0.015875887,0.0054013105,0,0.0
2024-07-15,Low,0.7186411,0.22873701,0.052621875,0,0.0
2024-07-16,Low,0.90416414,0.08991665,0.0059192455,0,0.0
2024-07-17,Low,0.88198245,0.112457894,0.0055597294,0,0.0
2024-07-18,Low,0.92541903,0.053105284,0.021475717,0,0.0
2024-07-19,Low,0.6459538,0.27946118,0.07458506,0,0.0
2024-07-22,Low,0.5969438,0.3228332,0.08022298,0,0.0
2024-07-23,Low,0.63313097,0.21360342,0.15326563,0,0.0
2024-07-24,Low,0.77567744,0.21431282,0.010009705,0,0.0
2024-07-25,Low,0.6678919,0.29990953,0.03219847,0,0.0
2024-07-26,Low,0.5298899,0.44294974,0.0271604,0,0.0
2024-07-29,Low,0.78612685,0.1994646,0.01440855,0,0.0
2024-07-30,Low,0.757097,0.22103229,0.021870721,0,0.0
2024-07-31,Medium,0.3470204,0.6360584,0.016921256,1,0.0
2024-08-01,Medium,0.13945088,0.84692943,0.013619718,1,1.0
2024-08-02,Low,0.8444014,0.141592,0.014006603,0,1.0
2024-08-05,Medium,0.041018236,0.7357904,0.22319138,1,1.0
2024-08-06,Low,0.34688842,0.32116088,0.33195066,0,0.0
2024-08-07,Low,0.59376395,0.025927197,0.38030887,0,0.0
2024-08-08,Low,0.69666547,0.1298926,0.17344193,0,0.0
2024-08-09,Low,0.8283936,0.15928248,0.012323961,0,0.0
2024-08-12,Low,0.83633333,0.1538526,0.009814138,0,0.0
2024-08-13,Low,0.8955948,0.092640676,0.011764553,0,0.0
2024-08-14,Low,0.6511182,0.31465092,0.034230873,0,0.0
2024-08-15,Low,0.7694706,0.20180944,0.028720018,0,0.0
2024-08-16,Low,0.8011606,0.12235826,0.0764812,0,0.0
2024-08-19,Low,0.64823276,0.34660572,0.0051615,0,0.0
2024-08-20,Low,0.70256454,0.2797041,0.017731337,0,0.0
2024-08-21,Low,0.46922258,0.23844174,0.2923357,0,0.0
2024-08-22,Medium,0.15390497,0.7433197,0.102775365,1,1.0
2024-08-23,Medium,0.15124172,0.83372694,0.01503132,1,1.0
2024-08-26,Medium,0.019490361,0.9565774,0.023932224,1,1.0
2024-08-27,Low,0.9256822,0.067540035,0.006777727,0,0.0
2024-08-28,Low,0.8861495,0.10481275,0.009037677,0,0.0
2024-08-29,Low,0.8810779,0.096689686,0.022232424,0,0.0
2024-08-30,Low,0.5887655,0.38836986,0.022864629,0,0.0
2024-09-02,Low,0.9522504,0.03457522,0.01317437,0,0.0
2024-09-03,Low,0.85322875,0.1362833,0.010487968,0,0.0
2024-09-04,Low,0.80666184,0.1872005,0.0061376547,0,0.0
2024-09-05,Low,0.8940588,0.099963486,0.005977711,0,0.0
2024-09-06,Low,0.49592575,0.49415043,0.0099238185,0,0.0
2024-09-09,Low,0.93564796,0.056432616,0.007919459,0,0.0
2024-09-10,Low,0.97869724,0.019574178,0.0017285974,0,0.0
2024-09-11,Low,0.97454244,0.020846184,0.004611372,0,0.0
2024-09-12,Low,0.9335789,0.06318859,0.0032325126,0,0.0
2024-09-13,Medium,0.26288626,0.71713215,0.019981593,1,0.0
2024-09-16,Low,0.8752842,0.11773058,0.006985245,0,0.0
2024-09-17,Low,0.8076658,0.17550784,0.016826298,0,0.0
2024-09-18,Low,0.877866,0.11501183,0.007122113,0,0.0
2024-09-19,Low,0.8667978,0.13070795,0.002494258,0,0.0
2024-09-20,Low,0.96650565,0.03123975,0.0022546363,0,0.0
2024-09-23,Low,0.92046946,0.075127974,0.0044025662,0,1.0
2024-09-24,Medium,0.3078183,0.6835672,0.0086144935,1,1.0
2024-09-25,Medium,0.0037193194,0.992762,0.0035186433,1,1.0
2024-09-26,Low,0.88899946,0.10188954,0.009111027,0,0.0
2024-09-27,Low,0.8922224,0.10366408,0.004113525,0,0.0
2024-09-30,Low,0.894759,0.10158445,0.0036565221,0,0.0
2024-10-01,Low,0.9246625,0.07225574,0.003081789,0,0.0
2024-10-02,Low,0.9820681,0.013811182,0.00412073,0,0.0
2024-10-03,Low,0.9472412,0.028548786,0.024210032,0,0.0
2024-10-04,Low,0.66702336,0.31401113,0.018965518,0,0.0
2024-10-07,Low,0.96746016,0.015664015,0.016875854,0,0.0
2024-10-08,Low,0.7998358,0.19563925,0.0045249565,0,0.0
2024-10-09,Low,0.74590003,0.25141597,0.0026840072,0,0.0
2024-10-10,Low,0.96702105,0.03017331,0.002805614,0,0.0
2024-10-11,Low,0.9632844,0.033343125,0.003372538,0,0.0
2024-10-14,Low,0.96563804,0.031218203,0.00314377,0,0.0
2024-10-15,Low,0.96586186,0.028356897,0.0057811746,0,0.0
2024-10-16,Low,0.9529763,0.04294908,0.004074641,0,0.0
2024-10-17,Low,0.9615008,0.031411145,0.007088104,0,0.0
2024-10-18,Low,0.9534043,0.044310227,0.0022854854,0,0.0
2024-10-21,Low,0.9442012,0.051603034,0.004195801,0,0.0
2024-10-22,Low,0.92861426,0.06580843,0.005577355,0,0.0
2024-10-23,Low,0.9712478,0.023561649,0.005190575,0,0.0
2024-10-24,Low,0.9849776,0.0117597515,0.003262709,0,0.0
2024-10-25,Low,0.9459255,0.048851967,0.0052225115,0,0.0
2024-10-28,Low,0.8480855,0.12299766,0.028916866,0,0.0
2024-10-29,Low,0.7690721,0.21607244,0.0148554295,0,0.0
2024-10-30,Low,0.8066737,0.17574641,0.01757983,0,0.0
2024-10-31,Low,0.81064147,0.18127757,0.008080965,0,0.0
2024-11-01,Medium,0.34265977,0.64702433,0.010315889,1,0.0
2024-11-04,Low,0.69038445,0.29820192,0.011413591,0,0.0
2024-11-05,Low,0.6700228,0.3165755,0.013401746,0,0.0
2024-11-06,Low,0.8308892,0.14836955,0.020741176,0,0.0
2024-11-07,Low,0.90923446,0.039024953,0.051740553,0,0.0
2024-11-08,High,0.3438518,0.060328435,0.5958198,2,0.0
2024-11-11,Low,0.7046501,0.13179955,0.16355036,0,0.0
2024-11-12,Low,0.6941453,0.138535,0.16731969,0,0.0
2024-11-13,Low,0.8614553,0.083868295,0.054676387,0,0.0
2024-11-14,Low,0.75002754,0.11260381,0.1373687,0,0.0
2024-11-15,Low,0.8897805,0.07927406,0.03094545,0,0.0
2024-11-18,Medium,0.25999436,0.55102223,0.18898343,1,0.0
2024-11-19,Medium,0.3069349,0.66606677,0.026998313,1,0.0
2024-11-20,Low,0.8243343,0.07541049,0.10025517,0,0.0
2024-11-21,Low,0.9015426,0.04831753,0.05013981,0,0.0
2024-11-22,Medium,0.3638763,0.6181098,0.018013865,1,0.0
2024-11-25,Medium,0.15846023,0.7913047,0.05023501,1,0.0
2024-11-26,Medium,0.10906286,0.85648847,0.03444869,1,1.0
2024-11-27,Medium,0.10479326,0.88653755,0.008669164,1,1.0
2024-11-28,Medium,0.014480132,0.9721849,0.013335048,1,1.0
2024-11-29,Medium,0.09434188,0.90043014,0.005228018,1,0.0
2024-12-02,Low,0.61320084,0.3667685,0.02003071,0,0.0
2024-12-03,Low,0.78461343,0.1882124,0.027174188,0,0.0
2024-12-04,Medium,0.049009435,0.9406992,0.01029133,1,1.0
2024-12-05,Medium,0.15500234,0.82497525,0.020022422,1,1.0
2024-12-06,Medium,0.0015538046,0.9972428,0.0012034511,1,1.0
2024-12-09,Low,0.8716114,0.012899696,0.11548889,0,0.0
2024-12-10,Low,0.87935686,0.06617776,0.05446542,0,0.0
2024-12-11,Low,0.6816617,0.3022742,0.016064066,0,0.0
2024-12-12,Low,0.72217536,0.26261342,0.01521117,0,0.0
2024-12-13,Low,0.85362613,0.053516842,0.09285704,0,0.0
2024-12-16,Low,0.89688045,0.08383673,0.019282805,0,0.0
2024-12-17,Low,0.8110503,0.10791745,0.081032276,0,0.0
2024-12-18,Low,0.8356025,0.12711197,0.037285514,0,0.0
2024-12-19,Low,0.8031639,0.07508794,0.121748224,0,1.0
2024-12-20,High,0.24174559,0.32682684,0.43142754,2,1.0
2024-12-23,Medium,0.004231232,0.92092824,0.0748405,1,1.0
2024-12-24,Low,0.5141477,0.1921202,0.29373205,0,0.0
2024-12-25,Low,0.6451169,0.3339946,0.020888474,0,0.0
2024-12-26,Low,0.6138889,0.28453335,0.101577766,0,0.0
2024-12-27,Low,0.80568725,0.17816949,0.01614323,0,0.0
2024-12-30,Low,0.8380507,0.14630832,0.015640976,0,0.0
2024-12-31,Low,0.8150409,0.15495735,0.030001728,0,0.0
2025-01-02,Low,0.5817803,0.4005673,0.017652392,0,0.0
2025-01-03,Medium,0.14453527,0.82961065,0.025854113,1,1.0
2025-01-06,Medium,0.32481533,0.40462446,0.2705602,1,1.0
2025-01-07,Medium,0.0036592293,0.9505187,0.045822043,1,1.0
2025-01-08,Medium,0.4375001,0.53692275,0.025577167,1,0.0
2025-01-09,Low,0.5618207,0.41440564,0.023773614,0,0.0
2025-01-10,Low,0.55334604,0.41421324,0.032440715,0,0.0
2025-01-13,Low,0.69779575,0.1965085,0.10569575,0,0.0
2025-01-14,Low,0.55562484,0.4315067,0.012868477,0,0.0
2025-01-15,Medium,0.47990853,0.50947034,0.010621069,1,0.0
2025-01-16,Medium,0.301606,0.6825987,0.015795276,1,0.0
2025-01-17,Medium,0.21148975,0.75981736,0.02869285,1,2.0
2025-01-20,Low,0.62261134,0.3142353,0.0631533,0,2.0
2025-01-21,High,0.008011352,0.03659189,0.9553968,2,2.0
2025-01-22,Low,0.790669,0.10921888,0.10011211,0,0.0
2025-01-23,Low,0.7043797,0.17083286,0.124787465,0,0.0
2025-01-24,Low,0.6073532,0.23144472,0.16120204,0,0.0
2025-01-27,Medium,0.22363879,0.756236,0.020125167,1,0.0
2025-01-28,Low,0.59107953,0.399887,0.0090334825,0,0.0
2025-01-29,Low,0.58506835,0.39903226,0.015899384,0,0.0
2025-01-30,Low,0.7466776,0.23305185,0.020270567,0,0.0
2025-01-31,Medium,0.099595204,0.89448285,0.0059218872,1,1.0
2025-02-03,Low,0.6839815,0.1752857,0.1407328,0,1.0
2025-02-04,High,0.012786386,0.2872884,0.69992524,2,1.0
2025-02-05,High,0.35661295,0.2668486,0.3765385,2,0.0
2025-02-06,Low,0.5097828,0.29405642,0.1961608,0,0.0
2025-02-07,Low,0.78709626,0.12440014,0.0885036,0,0.0
2025-02-10,Medium,0.13066538,0.8213821,0.04795246,1,1.0
2025-02-11,Medium,0.0812574,0.8985472,0.020195477,1,1.0
2025-02-12,Medium,0.007620183,0.981698,0.01068184,1,1.0
2025-02-13,Medium,0.062332816,0.92615855,0.011508589,1,1.0
2025-02-14,Medium,0.0025247287,0.9780725,0.019402739,1,1.0
2025-02-17,Medium,0.05307498,0.49788994,0.44903502,1,0.0
2025-02-18,Medium,0.09236789,0.85692906,0.050703045,1,0.0
2025-02-19,Medium,0.07071077,0.91182506,0.0174642,1,1.0
2025-02-20,Medium,0.061032895,0.9340936,0.004873483,1,1.0
2025-02-21,Medium,0.008043291,0.9834915,0.008465182,1,1.0
2025-02-24,Low,0.5956161,0.2525057,0.15187816,0,0.0
2025-02-25,Low,0.4051529,0.32346907,0.27137807,0,0.0
2025-02-26,Medium,0.3867331,0.5847147,0.028552178,1,0.0
2025-02-27,Medium,0.17489974,0.7832918,0.04180844,1,0.0
2025-02-28,Medium,0.07773179,0.9123196,0.009948629,1,1.0
2025-03-03,High,0.12108392,0.3391537,0.5397624,2,2.0
2025-03-04,Medium,0.004002313,0.941249,0.054748625,1,2.0
2025-03-05,High,0.0028828254,0.01238517,0.98473203,2,2.0
2025-03-06,High,0.0067987605,0.03978501,0.9534162,2,2.0
2025-03-07,Medium,0.039697718,0.92252445,0.037777822,1,1.0
2025-03-10,Medium,0.009652671,0.8953685,0.09497888,1,1.0
2025-03-11,Low,0.6447486,0.25873673,0.09651462,0,1.0
2025-03-12,Medium,0.018432748,0.9637065,0.017860785,1,1.0
2025-03-13,Low,0.8533522,0.061145283,0.085502535,0,0.0
2025-03-14,Low,0.81508774,0.14843151,0.036480762,0,0.0
2025-03-17,Low,0.8897827,0.09137425,0.018842993,0,0.0
2025-03-18,Low,0.9156473,0.067610234,0.016742429,0,0.0
2025-03-19,Low,0.80223817,0.18476062,0.01300121,0,0.0
2025-03-20,Low,0.7758595,0.21383074,0.010309809,0,0.0
2025-03-21,Low,0.8721008,0.088321865,0.039577443,0,0.0
2025-03-24,Low,0.892637,0.05120689,0.056156076,0,0.0
2025-03-25,Low,0.7759018,0.1729892,0.051108964,0,0.0
2025-03-26,Low,0.82562196,0.124232024,0.050146,0,0.0
2025-03-27,Low,0.80146545,0.1393091,0.059225474,0,0.0
2025-03-28,Low,0.6596427,0.18803863,0.15231869,0,0.0
2025-03-31,Low,0.65535253,0.29895478,0.045692693,0,0.0
2025-04-01,Medium,0.10093473,0.8499192,0.049146056,1,1.0
2025-04-02,Low,0.49565753,0.18302718,0.3213153,0,2.0
2025-04-03,High,0.029167717,0.1892731,0.78155917,2,2.0
2025-04-04,High,0.009132363,0.05315285,0.9377148,2,2.0
2025-04-07,Low,0.6495322,0.07126124,0.27920654,0,0.0
2025-04-08,Low,0.822347,0.014817895,0.16283514,0,0.0
2025-04-09,High,0.24321352,0.27052882,0.48625767,2,2.0
2025-04-10,Low,0.90728027,0.07737304,0.015346725,0,2.0
2025-04-11,High,0.006540776,0.032976788,0.9604825,2,2.0
2025-04-14,Medium,0.010538314,0.8982109,0.09125079,1,
2025-04-15,Medium,0.12742431,0.83593297,0.036642704,1,
